case,parameter,estimate
cf_basic_K2_delay6,log_cell1_0,-2.2197649851854084
cf_basic_K2_delay6,log_cell2_0,-1.8266096388167075
cf_basic_K2_delay6,treatment_0,-0.3356885974225981
cf_basic_K2_delay6,FEV10_0,-0.20270349611516292
cf_basic_K2_delay6,log_cell1_1,0.7318259027904233
cf_basic_K2_delay6,log_cell2_1,0.9575818135215151
cf_basic_K2_delay6,treatment_1,0.04411864923484342
cf_basic_K2_delay6,FEV10_1,0.06055252499619276
cf_basic_K2_delay6,nu0,1.5923764260262472
cf_basic_K2_delay6,nu1,0.005929202103733599
cf_basic_K2_delay6,theta,-0.0971674927901848
cf_basic_K4_delay6,log_cell1_0,-2.3632405288699174
cf_basic_K4_delay6,log_cell2_0,-1.9903614325158296
cf_basic_K4_delay6,log_cell3_0,-1.626087488060522
cf_basic_K4_delay6,log_cell4_0,-1.9621804625285726
cf_basic_K4_delay6,treatment_0,-0.3420369201220695
cf_basic_K4_delay6,FEV10_0,-0.2093447297353977
cf_basic_K4_delay6,log_cell1_1,0.5691391113668596
cf_basic_K4_delay6,log_cell2_1,1.6050612095958876
cf_basic_K4_delay6,log_cell3_1,1.3018782351004101
cf_basic_K4_delay6,log_cell4_1,0.16994260130876757
cf_basic_K4_delay6,treatment_1,0.05355485821394223
cf_basic_K4_delay6,FEV10_1,0.08772935478054912
cf_basic_K4_delay6,nu0,1.8680300110733272
cf_basic_K4_delay6,nu1,0.014191105774987323
cf_basic_K4_delay6,theta,-0.16281711051972494
cf_basic_K8_delay6,log_cell1_0,-2.466207133903513
cf_basic_K8_delay6,log_cell2_0,-2.2443775723833013
cf_basic_K8_delay6,log_cell3_0,-1.9680224840636664
cf_basic_K8_delay6,log_cell4_0,-1.9999810448147537
cf_basic_K8_delay6,log_cell5_0,-1.5872508244419257
cf_basic_K8_delay6,log_cell6_0,-1.6235852571345621
cf_basic_K8_delay6,log_cell7_0,-1.9653569314183181
cf_basic_K8_delay6,log_cell8_0,-1.8735285896014597
cf_basic_K8_delay6,treatment_0,-0.34627496508965205
cf_basic_K8_delay6,FEV10_0,-0.2111930413695323
cf_basic_K8_delay6,log_cell1_1,-0.3199245687017
cf_basic_K8_delay6,log_cell2_1,1.1800754312983002
cf_basic_K8_delay6,log_cell3_1,1.7665933068183666
cf_basic_K8_delay6,log_cell4_1,1.1408323479843412
cf_basic_K8_delay6,log_cell5_1,1.5043312564261413
cf_basic_K8_delay6,log_cell6_1,0.9054930089376017
cf_basic_K8_delay6,log_cell7_1,0.06539416024865938
cf_basic_K8_delay6,log_cell8_1,0.374443473821658
cf_basic_K8_delay6,treatment_1,0.037228511668866766
cf_basic_K8_delay6,FEV10_1,0.0998866029135894
cf_basic_K8_delay6,nu0,1.9660720540348797
cf_basic_K8_delay6,nu1,0.014750640795766006
cf_basic_K8_delay6,theta,-0.17029627901883929
cf_history_K4_delay6,log_cell1_0,-2.393550223139962
cf_history_K4_delay6,log_cell2_0,-2.0392471593372625
cf_history_K4_delay6,log_cell3_0,-1.7139414416518652
cf_history_K4_delay6,log_cell4_0,-2.0968611106908486
cf_history_K4_delay6,treatment_0,-0.32178420273507946
cf_history_K4_delay6,FEV10_0,-0.2018067677087724
cf_history_K4_delay6,previous2plus_0,0.2904802269010583
cf_history_K4_delay6,log_cell1_1,0.5714955120550617
cf_history_K4_delay6,log_cell2_1,1.6380490039547697
cf_history_K4_delay6,log_cell3_1,1.3658833384819564
cf_history_K4_delay6,log_cell4_1,0.28042811306649024
cf_history_K4_delay6,treatment_1,0.06679921559442746
cf_history_K4_delay6,FEV10_1,0.09782848150730489
cf_history_K4_delay6,previous2plus_1,0.5110321676399806
cf_history_K4_delay6,nu0,1.5525613090775336
cf_history_K4_delay6,nu1,0.024661817574201886
cf_history_K4_delay6,theta,-0.1956757107492757
cf_episode_K4_delay6,log_cell1_0,-2.3178274291315826
cf_episode_K4_delay6,log_cell2_0,-1.9560471879281107
cf_episode_K4_delay6,log_cell3_0,-1.61785852138987
cf_episode_K4_delay6,log_cell4_0,-1.9824682280007908
cf_episode_K4_delay6,treatment_episode1_0,-0.5584367115138831
cf_episode_K4_delay6,treatment_episode2_0,0.08666529222385146
cf_episode_K4_delay6,treatment_episode3plus_0,0.12736633235744968
cf_episode_K4_delay6,FEV10_episode1_0,-0.2701584606569622
cf_episode_K4_delay6,FEV10_episode2_0,-0.024731804334900125
cf_episode_K4_delay6,FEV10_episode3plus_0,-0.04310894889611125
cf_episode_K4_delay6,log_cell1_1,0.5578924299463478
cf_episode_K4_delay6,log_cell2_1,1.5978118697953938
cf_episode_K4_delay6,log_cell3_1,1.3101108318261798
cf_episode_K4_delay6,log_cell4_1,0.19895490544357938
cf_episode_K4_delay6,treatment_episode1_1,0.09458966897325431
cf_episode_K4_delay6,treatment_episode2_1,-0.11969371546441084
cf_episode_K4_delay6,treatment_episode3plus_1,0.07876113397790381
cf_episode_K4_delay6,FEV10_episode1_1,0.08964886494148086
cf_episode_K4_delay6,FEV10_episode2_1,0.06976033209732425
cf_episode_K4_delay6,FEV10_episode3plus_1,0.0001600290205183426
cf_episode_K4_delay6,nu0,1.540302830779375
cf_episode_K4_delay6,nu1,0.014785517273268108
cf_episode_K4_delay6,theta,-0.15091114640924377
cf_basic_K4_delay6.5,log_cell1_0,-2.361014182503213
cf_basic_K4_delay6.5,log_cell2_0,-1.9813457754516788
cf_basic_K4_delay6.5,log_cell3_0,-1.6098823088580019
cf_basic_K4_delay6.5,log_cell4_0,-1.9403482312356444
cf_basic_K4_delay6.5,treatment_0,-0.3441214168495135
cf_basic_K4_delay6.5,FEV10_0,-0.21065957824593468
cf_basic_K4_delay6.5,log_cell1_1,0.5686197113034411
cf_basic_K4_delay6.5,log_cell2_1,1.6042257535388975
cf_basic_K4_delay6.5,log_cell3_1,1.3002796447118492
cf_basic_K4_delay6.5,log_cell4_1,0.1681200564309763
cf_basic_K4_delay6.5,treatment_1,0.053467070385316666
cf_basic_K4_delay6.5,FEV10_1,0.08785619865958201
cf_basic_K4_delay6.5,nu0,1.9165380784170487
cf_basic_K4_delay6.5,nu1,0.013890339588190843
cf_basic_K4_delay6.5,theta,-0.16316054897833465
skin_baseline_K2_bcc_first_cap730.5,log_cell1_0,-1.2863577746579962
skin_baseline_K2_bcc_first_cap730.5,log_cell2_0,-1.3537726876017528
skin_baseline_K2_bcc_first_cap730.5,treatment_0,0.12459806476898856
skin_baseline_K2_bcc_first_cap730.5,baseline_Se20_0,0.06765427454820404
skin_baseline_K2_bcc_first_cap730.5,history_none_0,-1.266797605529489
skin_baseline_K2_bcc_first_cap730.5,history_SCC_only_0,-1.2170888108174642
skin_baseline_K2_bcc_first_cap730.5,history_both_0,-0.0593909430408285
skin_baseline_K2_bcc_first_cap730.5,AK_gt2_0,0.3222369566112472
skin_baseline_K2_bcc_first_cap730.5,age10_0,-0.049624925431094924
skin_baseline_K2_bcc_first_cap730.5,male_0,0.26160297521800857
skin_baseline_K2_bcc_first_cap730.5,drink_gt2_0,0.1488518203896129
skin_baseline_K2_bcc_first_cap730.5,sundamage_gt5_0,0.03805543615476771
skin_baseline_K2_bcc_first_cap730.5,log_cell1_1,-3.574639155277524
skin_baseline_K2_bcc_first_cap730.5,log_cell2_1,-3.7413750103182255
skin_baseline_K2_bcc_first_cap730.5,treatment_1,0.2459778807823306
skin_baseline_K2_bcc_first_cap730.5,baseline_Se20_1,-0.09557287183717403
skin_baseline_K2_bcc_first_cap730.5,history_none_1,0.07876100539169763
skin_baseline_K2_bcc_first_cap730.5,history_SCC_only_1,1.0089307198483817
skin_baseline_K2_bcc_first_cap730.5,history_both_1,0.7719077383388765
skin_baseline_K2_bcc_first_cap730.5,AK_gt2_1,0.5988646413033069
skin_baseline_K2_bcc_first_cap730.5,age10_1,0.15662504027630225
skin_baseline_K2_bcc_first_cap730.5,male_1,0.5646000422836529
skin_baseline_K2_bcc_first_cap730.5,drink_gt2_1,0.14752280965831724
skin_baseline_K2_bcc_first_cap730.5,sundamage_gt5_1,0.4876474960372125
skin_baseline_K2_bcc_first_cap730.5,sigma0,0.0
skin_baseline_K2_bcc_first_cap730.5,sigma1,0.0024772404913770457
skin_baseline_K2_bcc_first_cap730.5,nu0,0.9368413985452025
skin_baseline_K2_bcc_first_cap730.5,nu1,1.8958777220351573
skin_baseline_K2_bcc_first_cap730.5,theta,0.3037244851394213
skin_baseline_K4_bcc_first_cap730.5,log_cell1_0,-1.310755704329961
skin_baseline_K4_bcc_first_cap730.5,log_cell2_0,-1.2556140342789939
skin_baseline_K4_bcc_first_cap730.5,log_cell3_0,-1.3597298003397558
skin_baseline_K4_bcc_first_cap730.5,log_cell4_0,-1.3468328019108224
skin_baseline_K4_bcc_first_cap730.5,treatment_0,0.12542636911312707
skin_baseline_K4_bcc_first_cap730.5,baseline_Se20_0,0.06790892239320348
skin_baseline_K4_bcc_first_cap730.5,history_none_0,-1.2710029610030869
skin_baseline_K4_bcc_first_cap730.5,history_SCC_only_0,-1.2209215468918861
skin_baseline_K4_bcc_first_cap730.5,history_both_0,-0.05973604824625013
skin_baseline_K4_bcc_first_cap730.5,AK_gt2_0,0.32337804188885494
skin_baseline_K4_bcc_first_cap730.5,age10_0,-0.04995942803511956
skin_baseline_K4_bcc_first_cap730.5,male_0,0.2625211408663656
skin_baseline_K4_bcc_first_cap730.5,drink_gt2_0,0.14935533030153605
skin_baseline_K4_bcc_first_cap730.5,sundamage_gt5_0,0.03784055636610936
skin_baseline_K4_bcc_first_cap730.5,log_cell1_1,-3.590656824132755
skin_baseline_K4_bcc_first_cap730.5,log_cell2_1,-3.534949220515148
skin_baseline_K4_bcc_first_cap730.5,log_cell3_1,-3.5932107638124324
skin_baseline_K4_bcc_first_cap730.5,log_cell4_1,-3.955792588359341
skin_baseline_K4_bcc_first_cap730.5,treatment_1,0.24610662908098227
skin_baseline_K4_bcc_first_cap730.5,baseline_Se20_1,-0.09561023541622646
skin_baseline_K4_bcc_first_cap730.5,history_none_1,0.07753698407021803
skin_baseline_K4_bcc_first_cap730.5,history_SCC_only_1,1.0076970364653342
skin_baseline_K4_bcc_first_cap730.5,history_both_1,0.7681110418351583
skin_baseline_K4_bcc_first_cap730.5,AK_gt2_1,0.5991161154396569
skin_baseline_K4_bcc_first_cap730.5,age10_1,0.15564624060203558
skin_baseline_K4_bcc_first_cap730.5,male_1,0.562120316934143
skin_baseline_K4_bcc_first_cap730.5,drink_gt2_1,0.1468215232218239
skin_baseline_K4_bcc_first_cap730.5,sundamage_gt5_1,0.4878414296945185
skin_baseline_K4_bcc_first_cap730.5,sigma0,0.0
skin_baseline_K4_bcc_first_cap730.5,sigma1,0.0025626115432248542
skin_baseline_K4_bcc_first_cap730.5,nu0,0.9527906513482685
skin_baseline_K4_bcc_first_cap730.5,nu1,1.8781227152553626
skin_baseline_K4_bcc_first_cap730.5,theta,0.3058544361827489
skin_baseline_K8_bcc_first_cap730.5,log_cell1_0,-1.4561665964458748
skin_baseline_K8_bcc_first_cap730.5,log_cell2_0,-1.1566229511203598
skin_baseline_K8_bcc_first_cap730.5,log_cell3_0,-1.163121592788345
skin_baseline_K8_bcc_first_cap730.5,log_cell4_0,-1.3907201917770173
skin_baseline_K8_bcc_first_cap730.5,log_cell5_0,-1.3228351192156251
skin_baseline_K8_bcc_first_cap730.5,log_cell6_0,-1.4113139595157496
skin_baseline_K8_bcc_first_cap730.5,log_cell7_0,-1.4216192315536096
skin_baseline_K8_bcc_first_cap730.5,log_cell8_0,-1.2690334559788743
skin_baseline_K8_bcc_first_cap730.5,treatment_0,0.12776160492469033
skin_baseline_K8_bcc_first_cap730.5,baseline_Se20_0,0.06817276149272199
skin_baseline_K8_bcc_first_cap730.5,history_none_0,-1.276824415885623
skin_baseline_K8_bcc_first_cap730.5,history_SCC_only_0,-1.2231242919126644
skin_baseline_K8_bcc_first_cap730.5,history_both_0,-0.060642216957808484
skin_baseline_K8_bcc_first_cap730.5,AK_gt2_0,0.3236669311425405
skin_baseline_K8_bcc_first_cap730.5,age10_0,-0.050485349798954374
skin_baseline_K8_bcc_first_cap730.5,male_0,0.2642703999060345
skin_baseline_K8_bcc_first_cap730.5,drink_gt2_0,0.14981262484034388
skin_baseline_K8_bcc_first_cap730.5,sundamage_gt5_0,0.03787023840336939
skin_baseline_K8_bcc_first_cap730.5,log_cell1_1,-3.5669973529340155
skin_baseline_K8_bcc_first_cap730.5,log_cell2_1,-3.6059081180691828
skin_baseline_K8_bcc_first_cap730.5,log_cell3_1,-3.4690612286420652
skin_baseline_K8_bcc_first_cap730.5,log_cell4_1,-3.6066509270718887
skin_baseline_K8_bcc_first_cap730.5,log_cell5_1,-3.544820761637385
skin_baseline_K8_bcc_first_cap730.5,log_cell6_1,-3.643685028022406
skin_baseline_K8_bcc_first_cap730.5,log_cell7_1,-3.8832859750280067
skin_baseline_K8_bcc_first_cap730.5,log_cell8_1,-4.032909915966982
skin_baseline_K8_bcc_first_cap730.5,treatment_1,0.24532172631333826
skin_baseline_K8_bcc_first_cap730.5,baseline_Se20_1,-0.09570807744654601
skin_baseline_K8_bcc_first_cap730.5,history_none_1,0.07698449467709464
skin_baseline_K8_bcc_first_cap730.5,history_SCC_only_1,1.0052300798906222
skin_baseline_K8_bcc_first_cap730.5,history_both_1,0.7662221104519118
skin_baseline_K8_bcc_first_cap730.5,AK_gt2_1,0.5977584812285176
skin_baseline_K8_bcc_first_cap730.5,age10_1,0.15517770933219444
skin_baseline_K8_bcc_first_cap730.5,male_1,0.5612092682214245
skin_baseline_K8_bcc_first_cap730.5,drink_gt2_1,0.14673614725486117
skin_baseline_K8_bcc_first_cap730.5,sundamage_gt5_1,0.4875680179396631
skin_baseline_K8_bcc_first_cap730.5,sigma0,0.0
skin_baseline_K8_bcc_first_cap730.5,sigma1,0.0029945821417874546
skin_baseline_K8_bcc_first_cap730.5,nu0,0.9666532754054061
skin_baseline_K8_bcc_first_cap730.5,nu1,1.860240638180175
skin_baseline_K8_bcc_first_cap730.5,theta,0.305259531956518
skin_baseline_K4_scc_first_cap730.5,log_cell1_0,-1.3109295710909648
skin_baseline_K4_scc_first_cap730.5,log_cell2_0,-1.255758474208932
skin_baseline_K4_scc_first_cap730.5,log_cell3_0,-1.3628605281011863
skin_baseline_K4_scc_first_cap730.5,log_cell4_0,-1.342712347917249
skin_baseline_K4_scc_first_cap730.5,treatment_0,0.12544230288303665
skin_baseline_K4_scc_first_cap730.5,baseline_Se20_0,0.06791316762170196
skin_baseline_K4_scc_first_cap730.5,history_none_0,-1.2711584954420478
skin_baseline_K4_scc_first_cap730.5,history_SCC_only_0,-1.2210714496785504
skin_baseline_K4_scc_first_cap730.5,history_both_0,-0.059738502344337543
skin_baseline_K4_scc_first_cap730.5,AK_gt2_0,0.3234282014408357
skin_baseline_K4_scc_first_cap730.5,age10_0,-0.04994788908891511
skin_baseline_K4_scc_first_cap730.5,male_0,0.2626061245795427
skin_baseline_K4_scc_first_cap730.5,drink_gt2_0,0.14937938497647554
skin_baseline_K4_scc_first_cap730.5,sundamage_gt5_0,0.03783583871564893
skin_baseline_K4_scc_first_cap730.5,log_cell1_1,-3.5857098681289097
skin_baseline_K4_scc_first_cap730.5,log_cell2_1,-3.539677290350452
skin_baseline_K4_scc_first_cap730.5,log_cell3_1,-3.592563431436952
skin_baseline_K4_scc_first_cap730.5,log_cell4_1,-3.955209259682579
skin_baseline_K4_scc_first_cap730.5,treatment_1,0.24594050824755065
skin_baseline_K4_scc_first_cap730.5,baseline_Se20_1,-0.09556911271100677
skin_baseline_K4_scc_first_cap730.5,history_none_1,0.07760383659672797
skin_baseline_K4_scc_first_cap730.5,history_SCC_only_1,1.0072757479908478
skin_baseline_K4_scc_first_cap730.5,history_both_1,0.767984803711185
skin_baseline_K4_scc_first_cap730.5,AK_gt2_1,0.5988528547059848
skin_baseline_K4_scc_first_cap730.5,age10_1,0.15559840424019436
skin_baseline_K4_scc_first_cap730.5,male_1,0.5619359549427793
skin_baseline_K4_scc_first_cap730.5,drink_gt2_1,0.1468887496613729
skin_baseline_K4_scc_first_cap730.5,sundamage_gt5_1,0.48771479339628393
skin_baseline_K4_scc_first_cap730.5,sigma0,0.0
skin_baseline_K4_scc_first_cap730.5,sigma1,0.0025887553542369443
skin_baseline_K4_scc_first_cap730.5,nu0,0.9532002254523206
skin_baseline_K4_scc_first_cap730.5,nu1,1.8757072238420247
skin_baseline_K4_scc_first_cap730.5,theta,0.3057363670625816
skin_baseline_K4_bcc_first_cap1461,log_cell1_0,-1.3916955871065972
skin_baseline_K4_bcc_first_cap1461,log_cell2_0,-1.4658783920840588
skin_baseline_K4_bcc_first_cap1461,log_cell3_0,-1.7033199642225312
skin_baseline_K4_bcc_first_cap1461,log_cell4_0,-1.6708802918608687
skin_baseline_K4_bcc_first_cap1461,treatment_0,0.12041683535818239
skin_baseline_K4_bcc_first_cap1461,baseline_Se20_0,0.06023722430865307
skin_baseline_K4_bcc_first_cap1461,history_none_0,-1.5844464785230277
skin_baseline_K4_bcc_first_cap1461,history_SCC_only_0,-1.2696651209964025
skin_baseline_K4_bcc_first_cap1461,history_both_0,-0.05844171626336205
skin_baseline_K4_bcc_first_cap1461,AK_gt2_0,0.31419432679441117
skin_baseline_K4_bcc_first_cap1461,age10_0,-0.0377509102740029
skin_baseline_K4_bcc_first_cap1461,male_0,0.35395187660717997
skin_baseline_K4_bcc_first_cap1461,drink_gt2_0,0.14884053489934965
skin_baseline_K4_bcc_first_cap1461,sundamage_gt5_0,0.03073966980875104
skin_baseline_K4_bcc_first_cap1461,log_cell1_1,-3.7371783182107845
skin_baseline_K4_bcc_first_cap1461,log_cell2_1,-3.895782412437772
skin_baseline_K4_bcc_first_cap1461,log_cell3_1,-4.041918839261141
skin_baseline_K4_bcc_first_cap1461,log_cell4_1,-4.027838117764244
skin_baseline_K4_bcc_first_cap1461,treatment_1,0.21657695559221413
skin_baseline_K4_bcc_first_cap1461,baseline_Se20_1,-0.10979324073295452
skin_baseline_K4_bcc_first_cap1461,history_none_1,0.0014150471653136044
skin_baseline_K4_bcc_first_cap1461,history_SCC_only_1,0.9197828414174266
skin_baseline_K4_bcc_first_cap1461,history_both_1,0.7701587995108444
skin_baseline_K4_bcc_first_cap1461,AK_gt2_1,0.6506221379496527
skin_baseline_K4_bcc_first_cap1461,age10_1,0.210692329387902
skin_baseline_K4_bcc_first_cap1461,male_1,0.68298393387945
skin_baseline_K4_bcc_first_cap1461,drink_gt2_1,0.11250605330532963
skin_baseline_K4_bcc_first_cap1461,sundamage_gt5_1,0.5024275673440939
skin_baseline_K4_bcc_first_cap1461,sigma0,0.002358232280736488
skin_baseline_K4_bcc_first_cap1461,sigma1,0.0
skin_baseline_K4_bcc_first_cap1461,nu0,0.9397144260177305
skin_baseline_K4_bcc_first_cap1461,nu1,2.2848548419763017
skin_baseline_K4_bcc_first_cap1461,theta,0.3691436602474362
skin_measured_K2_bcc_first_cap730.5,log_cell1_0,-1.2387897732777349
skin_measured_K2_bcc_first_cap730.5,log_cell2_0,-1.3086268911402263
skin_measured_K2_bcc_first_cap730.5,selenium_change_0,0.05227956821692892
skin_measured_K2_bcc_first_cap730.5,baseline_Se20_0,0.07559514730382948
skin_measured_K2_bcc_first_cap730.5,history_none_0,-1.26559899059519
skin_measured_K2_bcc_first_cap730.5,history_SCC_only_0,-1.2185361887270647
skin_measured_K2_bcc_first_cap730.5,history_both_0,-0.06006386190848914
skin_measured_K2_bcc_first_cap730.5,AK_gt2_0,0.32159880744307723
skin_measured_K2_bcc_first_cap730.5,age10_0,-0.050195821538230344
skin_measured_K2_bcc_first_cap730.5,male_0,0.26304502872234004
skin_measured_K2_bcc_first_cap730.5,drink_gt2_0,0.1578301759024469
skin_measured_K2_bcc_first_cap730.5,sundamage_gt5_0,0.040512875707765246
skin_measured_K2_bcc_first_cap730.5,log_cell1_1,-3.5264898012876102
skin_measured_K2_bcc_first_cap730.5,log_cell2_1,-3.711301101803554
skin_measured_K2_bcc_first_cap730.5,selenium_change_1,0.22701195984845343
skin_measured_K2_bcc_first_cap730.5,baseline_Se20_1,-0.057972490679748655
skin_measured_K2_bcc_first_cap730.5,history_none_1,0.12332818635461804
skin_measured_K2_bcc_first_cap730.5,history_SCC_only_1,1.0099711908169238
skin_measured_K2_bcc_first_cap730.5,history_both_1,0.7629161714784337
skin_measured_K2_bcc_first_cap730.5,AK_gt2_1,0.5924578889309853
skin_measured_K2_bcc_first_cap730.5,age10_1,0.15367462220600464
skin_measured_K2_bcc_first_cap730.5,male_1,0.6048291950722673
skin_measured_K2_bcc_first_cap730.5,drink_gt2_1,0.1400932477392913
skin_measured_K2_bcc_first_cap730.5,sundamage_gt5_1,0.49367895167383363
skin_measured_K2_bcc_first_cap730.5,sigma0,0.0
skin_measured_K2_bcc_first_cap730.5,sigma1,0.0
skin_measured_K2_bcc_first_cap730.5,nu0,0.9448250776933544
skin_measured_K2_bcc_first_cap730.5,nu1,1.8240048943327525
skin_measured_K2_bcc_first_cap730.5,theta,0.2946294730889747
skin_measured_K4_bcc_first_cap730.5,log_cell1_0,-1.260345303896803
skin_measured_K4_bcc_first_cap730.5,log_cell2_0,-1.2073558284636645
skin_measured_K4_bcc_first_cap730.5,log_cell3_0,-1.312274078072099
skin_measured_K4_bcc_first_cap730.5,log_cell4_0,-1.299591135572872
skin_measured_K4_bcc_first_cap730.5,selenium_change_0,0.048615343168826104
skin_measured_K4_bcc_first_cap730.5,baseline_Se20_0,0.07538577074432205
skin_measured_K4_bcc_first_cap730.5,history_none_0,-1.2702927724782498
skin_measured_K4_bcc_first_cap730.5,history_SCC_only_0,-1.2225965994004615
skin_measured_K4_bcc_first_cap730.5,history_both_0,-0.060454613418218735
skin_measured_K4_bcc_first_cap730.5,AK_gt2_0,0.3227464644191239
skin_measured_K4_bcc_first_cap730.5,age10_0,-0.05041527170913141
skin_measured_K4_bcc_first_cap730.5,male_0,0.2632024412976237
skin_measured_K4_bcc_first_cap730.5,drink_gt2_0,0.15837961588640798
skin_measured_K4_bcc_first_cap730.5,sundamage_gt5_0,0.04021823536289563
skin_measured_K4_bcc_first_cap730.5,log_cell1_1,-3.534898627011098
skin_measured_K4_bcc_first_cap730.5,log_cell2_1,-3.494880464267795
skin_measured_K4_bcc_first_cap730.5,log_cell3_1,-3.5600371233352894
skin_measured_K4_bcc_first_cap730.5,log_cell4_1,-3.92795734208563
skin_measured_K4_bcc_first_cap730.5,selenium_change_1,0.22784107245828308
skin_measured_K4_bcc_first_cap730.5,baseline_Se20_1,-0.05778612944963928
skin_measured_K4_bcc_first_cap730.5,history_none_1,0.12215275029792616
skin_measured_K4_bcc_first_cap730.5,history_SCC_only_1,1.008164617254783
skin_measured_K4_bcc_first_cap730.5,history_both_1,0.7591690661835232
skin_measured_K4_bcc_first_cap730.5,AK_gt2_1,0.5924143188993019
skin_measured_K4_bcc_first_cap730.5,age10_1,0.15256126954591642
skin_measured_K4_bcc_first_cap730.5,male_1,0.6018802753847458
skin_measured_K4_bcc_first_cap730.5,drink_gt2_1,0.13941756293125465
skin_measured_K4_bcc_first_cap730.5,sundamage_gt5_1,0.49338107787957547
skin_measured_K4_bcc_first_cap730.5,sigma0,0.0
skin_measured_K4_bcc_first_cap730.5,sigma1,0.0
skin_measured_K4_bcc_first_cap730.5,nu0,0.9617771806421997
skin_measured_K4_bcc_first_cap730.5,nu1,1.8040579325652448
skin_measured_K4_bcc_first_cap730.5,theta,0.29649902143207213
skin_measured_K8_bcc_first_cap730.5,log_cell1_0,-1.4010751889323951
skin_measured_K8_bcc_first_cap730.5,log_cell2_0,-1.1030906027960514
skin_measured_K8_bcc_first_cap730.5,log_cell3_0,-1.110263538234158
skin_measured_K8_bcc_first_cap730.5,log_cell4_0,-1.3381562436898222
skin_measured_K8_bcc_first_cap730.5,log_cell5_0,-1.2706478399442496
skin_measured_K8_bcc_first_cap730.5,log_cell6_0,-1.3591274720478992
skin_measured_K8_bcc_first_cap730.5,log_cell7_0,-1.3694181002931989
skin_measured_K8_bcc_first_cap730.5,log_cell8_0,-1.2168638318726022
skin_measured_K8_bcc_first_cap730.5,selenium_change_0,0.041264262990230574
skin_measured_K8_bcc_first_cap730.5,baseline_Se20_0,0.07473458907140909
skin_measured_K8_bcc_first_cap730.5,history_none_0,-1.2774835948166028
skin_measured_K8_bcc_first_cap730.5,history_SCC_only_0,-1.2255826339373075
skin_measured_K8_bcc_first_cap730.5,history_both_0,-0.061407789593767095
skin_measured_K8_bcc_first_cap730.5,AK_gt2_0,0.32318362810704876
skin_measured_K8_bcc_first_cap730.5,age10_0,-0.050716091240133925
skin_measured_K8_bcc_first_cap730.5,male_0,0.26344156932983576
skin_measured_K8_bcc_first_cap730.5,drink_gt2_0,0.15900479101498494
skin_measured_K8_bcc_first_cap730.5,sundamage_gt5_0,0.040060928009345284
skin_measured_K8_bcc_first_cap730.5,log_cell1_1,-3.5070007676433153
skin_measured_K8_bcc_first_cap730.5,log_cell2_1,-3.557338841313041
skin_measured_K8_bcc_first_cap730.5,log_cell3_1,-3.4282880204057906
skin_measured_K8_bcc_first_cap730.5,log_cell4_1,-3.569795561557407
skin_measured_K8_bcc_first_cap730.5,log_cell5_1,-3.5110156223183955
skin_measured_K8_bcc_first_cap730.5,log_cell6_1,-3.6138574252773052
skin_measured_K8_bcc_first_cap730.5,log_cell7_1,-3.8568787268424076
skin_measured_K8_bcc_first_cap730.5,log_cell8_1,-4.006150102685843
skin_measured_K8_bcc_first_cap730.5,selenium_change_1,0.23040255507148694
skin_measured_K8_bcc_first_cap730.5,baseline_Se20_1,-0.0572831911995214
skin_measured_K8_bcc_first_cap730.5,history_none_1,0.12212439405445144
skin_measured_K8_bcc_first_cap730.5,history_SCC_only_1,1.0059595536070827
skin_measured_K8_bcc_first_cap730.5,history_both_1,0.757812574663681
skin_measured_K8_bcc_first_cap730.5,AK_gt2_1,0.5908040445419024
skin_measured_K8_bcc_first_cap730.5,age10_1,0.15199599666928912
skin_measured_K8_bcc_first_cap730.5,male_1,0.6009114288789842
skin_measured_K8_bcc_first_cap730.5,drink_gt2_1,0.13934337729369004
skin_measured_K8_bcc_first_cap730.5,sundamage_gt5_1,0.4921228925006868
skin_measured_K8_bcc_first_cap730.5,sigma0,0.0
skin_measured_K8_bcc_first_cap730.5,sigma1,0.0
skin_measured_K8_bcc_first_cap730.5,nu0,0.9795321916198415
skin_measured_K8_bcc_first_cap730.5,nu1,1.787069782239516
skin_measured_K8_bcc_first_cap730.5,theta,0.2967870235634444
skin_measured_K4_scc_first_cap730.5,log_cell1_0,-1.260497054681126
skin_measured_K4_scc_first_cap730.5,log_cell2_0,-1.2074761592674306
skin_measured_K4_scc_first_cap730.5,log_cell3_0,-1.3153791399094807
skin_measured_K4_scc_first_cap730.5,log_cell4_0,-1.2954426038317248
skin_measured_K4_scc_first_cap730.5,selenium_change_0,0.04858259257523319
skin_measured_K4_scc_first_cap730.5,baseline_Se20_0,0.07538665191965094
skin_measured_K4_scc_first_cap730.5,history_none_0,-1.2704538971212587
skin_measured_K4_scc_first_cap730.5,history_SCC_only_0,-1.222750227790624
skin_measured_K4_scc_first_cap730.5,history_both_0,-0.06045871012958971
skin_measured_K4_scc_first_cap730.5,AK_gt2_0,0.3227952379170898
skin_measured_K4_scc_first_cap730.5,age10_0,-0.05040172470627147
skin_measured_K4_scc_first_cap730.5,male_0,0.2632799791987783
skin_measured_K4_scc_first_cap730.5,drink_gt2_0,0.15840392378118184
skin_measured_K4_scc_first_cap730.5,sundamage_gt5_0,0.04021218462954676
skin_measured_K4_scc_first_cap730.5,log_cell1_1,-3.5302476471748028
skin_measured_K4_scc_first_cap730.5,log_cell2_1,-3.4999460643281632
skin_measured_K4_scc_first_cap730.5,log_cell3_1,-3.5597563502940788
skin_measured_K4_scc_first_cap730.5,log_cell4_1,-3.9277671952658944
skin_measured_K4_scc_first_cap730.5,selenium_change_1,0.22852890378647672
skin_measured_K4_scc_first_cap730.5,baseline_Se20_1,-0.0576323358680502
skin_measured_K4_scc_first_cap730.5,history_none_1,0.12226150445424634
skin_measured_K4_scc_first_cap730.5,history_SCC_only_1,1.007771343191841
skin_measured_K4_scc_first_cap730.5,history_both_1,0.7590763176132035
skin_measured_K4_scc_first_cap730.5,AK_gt2_1,0.5921457838828357
skin_measured_K4_scc_first_cap730.5,age10_1,0.1525031362522924
skin_measured_K4_scc_first_cap730.5,male_1,0.6017970978894994
skin_measured_K4_scc_first_cap730.5,drink_gt2_1,0.1394299771172286
skin_measured_K4_scc_first_cap730.5,sundamage_gt5_1,0.4932003402851999
skin_measured_K4_scc_first_cap730.5,sigma0,0.0
skin_measured_K4_scc_first_cap730.5,sigma1,0.0
skin_measured_K4_scc_first_cap730.5,nu0,0.9622059528148278
skin_measured_K4_scc_first_cap730.5,nu1,1.801326705012696
skin_measured_K4_scc_first_cap730.5,theta,0.2963506028996685
skin_measured_K4_bcc_first_cap1461,log_cell1_0,-1.35665498388453
skin_measured_K4_bcc_first_cap1461,log_cell2_0,-1.4342870542740325
skin_measured_K4_bcc_first_cap1461,log_cell3_0,-1.6717880408170473
skin_measured_K4_bcc_first_cap1461,log_cell4_0,-1.6392047471645494
skin_measured_K4_bcc_first_cap1461,selenium_change_0,0.07316628412451924
skin_measured_K4_bcc_first_cap1461,baseline_Se20_0,0.07156342804364138
skin_measured_K4_bcc_first_cap1461,history_none_0,-1.5815272700098169
skin_measured_K4_bcc_first_cap1461,history_SCC_only_0,-1.2725326245124151
skin_measured_K4_bcc_first_cap1461,history_both_0,-0.05983254828424036
skin_measured_K4_bcc_first_cap1461,AK_gt2_0,0.3181019018762058
skin_measured_K4_bcc_first_cap1461,age10_0,-0.03883800020433016
skin_measured_K4_bcc_first_cap1461,male_0,0.36041789550439823
skin_measured_K4_bcc_first_cap1461,drink_gt2_0,0.15932008781125412
skin_measured_K4_bcc_first_cap1461,sundamage_gt5_0,0.030810774758780607
skin_measured_K4_bcc_first_cap1461,log_cell1_1,-3.6678807691703494
skin_measured_K4_bcc_first_cap1461,log_cell2_1,-3.8362992695757527
skin_measured_K4_bcc_first_cap1461,log_cell3_1,-3.986084808147129
skin_measured_K4_bcc_first_cap1461,log_cell4_1,-3.9736544224128902
skin_measured_K4_bcc_first_cap1461,selenium_change_1,0.13168289006929587
skin_measured_K4_bcc_first_cap1461,baseline_Se20_1,-0.08685542373959311
skin_measured_K4_bcc_first_cap1461,history_none_1,0.023942485097377543
skin_measured_K4_bcc_first_cap1461,history_SCC_only_1,0.9174038978713804
skin_measured_K4_bcc_first_cap1461,history_both_1,0.7596835294273038
skin_measured_K4_bcc_first_cap1461,AK_gt2_1,0.645668484518139
skin_measured_K4_bcc_first_cap1461,age10_1,0.20884386419668083
skin_measured_K4_bcc_first_cap1461,male_1,0.7054191274938753
skin_measured_K4_bcc_first_cap1461,drink_gt2_1,0.11376079310457954
skin_measured_K4_bcc_first_cap1461,sundamage_gt5_1,0.508493035492557
skin_measured_K4_bcc_first_cap1461,sigma0,0.0016993938169049623
skin_measured_K4_bcc_first_cap1461,sigma1,0.0
skin_measured_K4_bcc_first_cap1461,nu0,0.9450664022382451
skin_measured_K4_bcc_first_cap1461,nu1,2.2271013613720596
skin_measured_K4_bcc_first_cap1461,theta,0.3658099637893236
