coefficient,coupling_row_norm,estimate,name,reporting_multiplier,se_ambient,se_fixed_range,se_fixed_rank,sensitivity_0,sensitivity_1,sensitivity_2,sensitivity_3,sensitivity_4
treatment_0,0.018345139394117485,-0.3356885974225981,cf_basic_K2_delay6,1.0,0.1596069137909955,0.15930485181669796,0.15942749373629303,-0.017620536369976108,-0.0034176538799534193,-0.003792160252519636,,
FEV10_0,0.013344124982301349,-0.20270349611516292,cf_basic_K2_delay6,1.0,0.03596507011153614,0.0360138932512402,0.03598536948653385,-0.013308834845805265,9.444771672417842e-05,0.000965228583893021,,
treatment_1,0.13756284387165155,0.04411864923484342,cf_basic_K2_delay6,1.0,0.07431067420787403,0.07258014282320663,0.07280101803822861,0.0002840141617242839,0.10353869594117775,-0.09057148443529375,,
FEV10_1,0.1418292007955195,0.06055252499619276,cf_basic_K2_delay6,1.0,0.018000924712939872,0.016898686033194023,0.017127630057187686,-9.616520726865646e-05,0.02868884814459203,-0.13889731078276943,,
treatment_0,0.02307294394156863,-0.3420369201220695,cf_basic_K4_delay6,1.0,0.1690668535877499,0.1683094927021373,0.16890967710820898,-0.02045330223419652,-0.007251368102456261,-0.007838420152687669,,
FEV10_0,0.014763433448273904,-0.2093447297353977,cf_basic_K4_delay6,1.0,0.037740756990507274,0.038041325741341184,0.03778881874799741,-0.01444091849451687,0.001389287462329195,0.002736552678708771,,
treatment_1,0.2367670516986489,0.05355485821394223,cf_basic_K4_delay6,1.0,0.10220850925611501,0.10363090190637243,0.10404553155349199,0.00016477610896406197,0.22002871739208252,-0.08744125537582174,,
FEV10_1,0.21073725559682147,0.08772935478054912,cf_basic_K4_delay6,1.0,0.026134525327071303,0.027942456741015337,0.026003346438781116,-0.0008002915046849639,0.0929751985781357,-0.1891167969254551,,
treatment_0,0.02363487455236384,-0.34627496508965205,cf_basic_K8_delay6,1.0,0.17230013138716088,0.17143589009708973,0.1721379151240298,-0.021274773256914077,-0.007621151462334653,-0.006921659364706105,,
FEV10_0,0.014992262602507083,-0.2111930413695323,cf_basic_K8_delay6,1.0,0.03834085720064484,0.03870468686692383,0.03838732453173578,-0.014491850302935363,0.001019933174195223,0.003703234945290501,,
treatment_1,0.24620888685103431,0.037228511668866766,cf_basic_K8_delay6,1.0,0.10610564625245664,0.1067995097790901,0.10727752573345142,-0.0001381421670799064,0.23264263699613535,-0.08059900950167741,,
FEV10_1,0.2469322333582781,0.0998866029135894,cf_basic_K8_delay6,1.0,0.02782109069265262,0.03047948180405764,0.028025020621164194,-0.0008413419072331199,0.13241766731180177,-0.20842356248467503,,
treatment_0,0.039757946276530974,-0.32178420273507946,cf_history_K4_delay6,1.0,0.1622301477736033,0.1599409075146331,0.16125737354726952,-0.034585705842216374,-0.015081026190391277,-0.012533391104084144,,
FEV10_0,0.019572268600398884,-0.2018067677087724,cf_history_K4_delay6,1.0,0.03567826645089462,0.03641599407832812,0.03586851598103624,-0.019036852634269092,0.0017382944805554063,0.0042012227084686545,,
previous2plus_0,0.3213161584460928,0.2904802269010583,cf_history_K4_delay6,1.0,0.24398732609091686,0.2186573505759024,0.23167398508698558,-0.3198621185050365,0.002461993833359237,-0.030434148754139728,,
treatment_1,0.33548273777394305,0.06679921559442746,cf_history_K4_delay6,1.0,0.09964439211356295,0.10348274154576256,0.10394288711554568,-0.003582871027089607,0.30342746689529587,-0.1430650296648611,,
FEV10_1,0.2542919162547135,0.09782848150730489,cf_history_K4_delay6,1.0,0.026782456563426635,0.03036189648814497,0.026171520662870176,-0.0004962797086023587,0.07877941381211676,-0.24178076089375744,,
previous2plus_1,2.604140154232687,0.5110321676399806,cf_history_K4_delay6,1.0,0.30090139073510647,0.22288843441731349,0.18970722321050507,-0.05747260869052294,-0.7779677026212348,-2.484554104022609,,
treatment_episode1_0,0.03176182298428979,-0.5584367115138831,cf_episode_K4_delay6,1.0,0.17184605270653627,0.17184452181347115,0.17184144010876806,0.02311138029137744,-0.0018023191732807556,-0.021712419163011615,,
treatment_episode2_0,0.21587398756100573,0.08666529222385146,cf_episode_K4_delay6,1.0,0.24806423209455553,0.2414473856796957,0.24610891202625926,-0.21421687518157406,-0.02403343750420867,0.0116233719144865,,
treatment_episode3plus_0,0.2831163241901567,0.12736633235744968,cf_episode_K4_delay6,1.0,0.3953796688923397,0.39083044788438176,0.39411717129109064,-0.2821081638959943,0.023225106569143186,-0.0055164581960411106,,
FEV10_episode1_0,0.04213212435819514,-0.2701584606569622,cf_episode_K4_delay6,1.0,0.03556401044001827,0.03458694450363548,0.03521892142462975,-0.0419485235987872,-0.0005211936686834982,-0.003894307124012859,,
FEV10_episode2_0,0.010464262821895817,-0.024731804334900125,cf_episode_K4_delay6,1.0,0.0643315382426435,0.06432151083823465,0.06432782773878487,-0.007137312974530981,-0.0001795445764546246,0.007650315265031138,,
FEV10_episode3plus_0,0.02125694739674508,-0.04310894889611125,cf_episode_K4_delay6,1.0,0.11780718065637248,0.11712590870157132,0.11751571614119237,0.013676915351286347,0.010992208386782155,0.011998798018272135,,
treatment_episode1_1,0.34797159066831657,0.09458966897325431,cf_episode_K4_delay6,1.0,0.10294854875639183,0.10556985087828787,0.10328872537573201,0.021054091785751225,0.14815661313428635,0.31415055485530025,,
treatment_episode2_1,0.46262995411227953,-0.11969371546441084,cf_episode_K4_delay6,1.0,0.16225101955601598,0.1659167743650188,0.16567531604826602,0.01126671931251517,0.4271812629766734,-0.17724475743873785,,
treatment_episode3plus_1,1.9828644486468934,0.07876113397790381,cf_episode_K4_delay6,1.0,0.2820143194815212,0.23396578478474078,0.24303828735900923,-0.01632010898853383,-0.7609899269124594,-1.8309504108216914,,
FEV10_episode1_1,0.1299747082918207,0.08964886494148086,cf_episode_K4_delay6,1.0,0.024396190653058054,0.02357883067525463,0.023914307507746094,-0.0018006744834847758,0.055010658590336714,-0.11774552988715037,,
FEV10_episode2_1,0.19960051084044725,0.06976033209732425,cf_episode_K4_delay6,1.0,0.052910717692870694,0.051883974638439294,0.05175279205975396,0.002180635224293936,0.18585722535724752,-0.07275094872433878,,
FEV10_episode3plus_1,0.22047272546449603,0.0001600290205183426,cf_episode_K4_delay6,1.0,0.062302325628955546,0.061093736410255915,0.060182561836360886,0.002750379986733426,-0.08055633269741017,-0.20521046597582634,,
treatment_0,0.02290356457949354,-0.3441214168495135,cf_basic_K4_delay6.5,1.0,0.17069521669793658,0.16991157638795065,0.17053636464499417,-0.02023098925782323,-0.007330193040946331,-0.007845292478890398,,
FEV10_0,0.014629358542189514,-0.21065957824593468,cf_basic_K4_delay6.5,1.0,0.03808425216293516,0.038389024250285356,0.038131671402878264,-0.014280704529940224,0.0014408650188514726,0.0028290488652422093,,
treatment_1,0.2369595388849845,0.053467070385316666,cf_basic_K4_delay6.5,1.0,0.10224415286382818,0.10366196456514234,0.10409295804111209,0.0001117162959339519,0.22040123693810273,-0.08702359073382351,,
FEV10_1,0.21092438949064599,0.08785619865958201,cf_basic_K4_delay6.5,1.0,0.026152433604423358,0.028085930265916343,0.02602624130283527,-0.0008111343945675068,0.09235599614653613,-0.18962808367638134,,
treatment_0,0.4807174928455838,0.12459806476898856,skin_baseline_K2_bcc_first_cap730.5,1.0,0.05135163650540999,0.049112291313462036,0.049112291313462036,0.48057607934798574,0.002396174375942739,0.0012090256797836249,-0.0010307970798055493,0.011299289752388489
baseline_Se20_0,0.041410122353800656,0.06765427454820404,skin_baseline_K2_bcc_first_cap730.5,1.0,0.018681426937802594,0.019370053889275977,0.019370053889275977,0.0398627426410922,0.0030803429852613562,-0.00195879559493873,0.001185444240026601,-0.01053704471618953
history_none_0,2.5884609825704548,-1.266797605529489,skin_baseline_K2_bcc_first_cap730.5,1.0,0.30408976903128565,0.28944129496511467,0.28944129496511467,2.5873824941590664,-0.008308367961502392,-0.07347625582817738,-0.0001622607809045358,0.010689795673478452
history_SCC_only_0,3.4195596594444746,-1.2170888108174642,skin_baseline_K2_bcc_first_cap730.5,1.0,0.10265247319137755,0.08801447656141875,0.08801447656141875,3.418862693621,0.004026716178222566,-0.06891100956473006,0.0010039225875175944,-0.0004439860371759408
history_both_0,0.3619914438856488,-0.0593909430408285,skin_baseline_K2_bcc_first_cap730.5,1.0,0.10580364702790566,0.10505453024378326,0.10505453024378326,-0.36127332975027704,-0.012320322711474081,-0.01882059816673696,-0.0003477748230479566,0.003641489141578009
AK_gt2_0,6.908125655473887,0.3222369566112472,skin_baseline_K2_bcc_first_cap730.5,1.0,0.09746703931925979,0.054765125803884394,0.054765125803884394,-6.908110552669859,0.002935446856380825,-0.0017438801152169841,-0.0011186316086796678,0.0139912331509009
age10_0,0.3007180154973761,-0.049624925431094924,skin_baseline_K2_bcc_first_cap730.5,1.0,0.06425555943844063,0.06446971059414525,0.06446971059414525,-0.30049109008285274,-0.0020571130466785674,0.011483895348992216,-0.0001356029232057134,0.0005474220244164738
male_0,0.9841802182343211,0.26160297521800857,skin_baseline_K2_bcc_first_cap730.5,1.0,0.11113659221829977,0.11131137436440584,0.11131137436440584,0.9819897035419798,0.0145207150572247,0.062485414823353076,0.0011334793727749788,-0.013797140804612825
drink_gt2_0,2.4189253790659433,0.1488518203896129,skin_baseline_K2_bcc_first_cap730.5,1.0,0.07817128831858808,0.06190034116987701,0.06190034116987701,-2.4188893582339417,-0.0032207115718782143,0.008030773407862858,-0.0014278929543691862,0.009866961490801095
sundamage_gt5_0,5.127289844997614,0.03805543615476771,skin_baseline_K2_bcc_first_cap730.5,1.0,0.10850933042284679,0.08990083907724869,0.08990083907724869,5.127273702842709,0.006539827565645208,0.010622436481067378,0.0011475271677881382,-0.0029340131714701775
treatment_1,0.0982046760878629,0.2459778807823306,skin_baseline_K2_bcc_first_cap730.5,1.0,0.13020528870764167,0.13178764228344322,0.13178764228344322,-0.037561423561942885,0.08613873380919282,-0.005107418379126596,0.021815755554581033,0.01764662829989755
baseline_Se20_1,0.5907896352243324,-0.09557287183717403,skin_baseline_K2_bcc_first_cap730.5,1.0,0.036564136063538054,0.03299621313314754,0.03299621313314754,-0.014126811009730287,-0.5905074845170429,0.003548430630900079,-0.005823309600674921,-0.009339953634880917
history_none_1,1.4424581439239563,0.07876100539169763,skin_baseline_K2_bcc_first_cap730.5,1.0,0.2962822672968346,0.30040931759433864,0.30040931759433864,0.14796623102274145,-1.4342698186792786,0.0015007152970642028,0.016482601479948882,-0.03725117954144768
history_SCC_only_1,0.9866269427823935,1.0089307198483817,skin_baseline_K2_bcc_first_cap730.5,1.0,0.11032631292447022,0.1171721426540565,0.1171721426540565,0.086990647954882,-0.9822621559332966,0.0037337232071112366,-0.0004705103853741188,-0.031815819096546495
history_both_1,1.0266661522402745,0.7719077383388765,skin_baseline_K2_bcc_first_cap730.5,1.0,0.11708867141999332,0.11986218605441101,0.11986218605441101,0.06987214627562709,-1.0242664060534767,-0.0015023775057179008,0.0058916433612987845,0.0016223936993887502
AK_gt2_1,0.5170825589522935,0.5988646413033069,skin_baseline_K2_bcc_first_cap730.5,1.0,0.07664544814338942,0.07927063859906679,0.07927063859906679,-0.13209701436852922,0.49968671802109493,0.005484700568200325,0.002852403056104527,-0.0141321356263706
age10_1,0.11877291066844689,0.15662504027630225,skin_baseline_K2_bcc_first_cap730.5,1.0,0.07417600386244275,0.07426551446134663,0.07426551446134663,-0.0100965928780466,0.1178385764078875,-0.0007141641071827197,0.010868182404475336,-0.0007110639376090794
male_1,0.9031115706634165,0.5646000422836529,skin_baseline_K2_bcc_first_cap730.5,1.0,0.11244664501881607,0.10950150188636874,0.10950150188636874,-0.044259838292413006,0.900696049377231,0.004144279863707361,0.038126894748160195,-0.03045270526562736
drink_gt2_1,0.4938862406448102,0.14752280965831724,skin_baseline_K2_bcc_first_cap730.5,1.0,0.0715289058375075,0.0706678523262337,0.0706678523262337,-0.0745041700015395,-0.4877933436389855,-0.004853973950854699,-0.010544239965506127,0.01719474316696431
sundamage_gt5_1,2.031543882319036,0.4876474960372125,skin_baseline_K2_bcc_first_cap730.5,1.0,0.20032155463776913,0.19368312125421033,0.19368312125421033,0.10668078142380989,2.0286735619596454,-0.0032271710037663913,0.009060259149438752,0.013447406446218028
treatment_0,0.4809876641449113,0.12542636911312707,skin_baseline_K4_bcc_first_cap730.5,1.0,0.052194543679637904,0.04991043706160613,0.04991043706160613,0.4808457796052573,0.0024491323417331844,0.002380196139794748,-0.001028486345479144,0.011124204615892828
baseline_Se20_0,0.044090553389300347,0.06790892239320348,skin_baseline_K4_bcc_first_cap730.5,1.0,0.018596967656323023,0.019301800618091707,0.019301800618091707,0.042667143576981585,0.0030504026750531096,-0.0016032406372843589,0.0011910121521775487,-0.010497519239722199
history_none_0,2.589333803553469,-1.2710029610030869,skin_baseline_K4_bcc_first_cap730.5,1.0,0.30275505117393026,0.2879351354734382,0.2879351354734382,2.5881541074902144,-0.008187440162935228,-0.07698926319967044,-0.0001557257018802325,0.010651621062629592
history_SCC_only_0,3.4123477212697075,-1.2209215468918861,skin_baseline_K4_bcc_first_cap730.5,1.0,0.10622027870000746,0.09205453254235485,0.09205453254235485,3.4115831942795127,0.004192983244436699,-0.07210011658203576,0.000983668546540187,-0.0003222432654516179
history_both_0,0.3502904482133616,-0.05973604824625013,skin_baseline_K4_bcc_first_cap730.5,1.0,0.10650316470192242,0.10575206999560184,0.10575206999560184,-0.34956156924229087,-0.01225623506172172,-0.018611959526135407,-0.00035195892006336814,0.0036555721867791986
AK_gt2_0,6.882034436290117,0.32337804188885494,skin_baseline_K4_bcc_first_cap730.5,1.0,0.09727117642798759,0.054270499768866845,0.054270499768866845,-6.882019853341213,0.0028256161907069337,-0.0002447264201454044,-0.0011173760653436292,0.01383574982642655
age10_0,0.30113500298358614,-0.04995942803511956,skin_baseline_K4_bcc_first_cap730.5,1.0,0.06482113362508944,0.06500500331333527,0.06500500331333527,-0.3009382191279346,-0.0020420733881075476,0.010676050320217415,-0.00013834056972681432,0.0005577075901984017
male_0,0.9714510646496913,0.2625211408663656,skin_baseline_K4_bcc_first_cap730.5,1.0,0.11084708594528564,0.11101232388653977,0.11101232388653977,0.9692682078104994,0.014567915717519973,0.06192360731182491,0.001143480453330168,-0.01372033084266836
drink_gt2_0,2.4098453497969987,0.14935533030153605,skin_baseline_K4_bcc_first_cap730.5,1.0,0.07801674748850568,0.06172860050338404,0.06172860050338404,-2.409808304902389,-0.0032242510186543407,0.008401291264916783,-0.0014380603923288423,0.009772310599478909
sundamage_gt5_0,5.098518842960811,0.03784055636610936,skin_baseline_K4_bcc_first_cap730.5,1.0,0.10899235984509424,0.09004210218169763,0.09004210218169763,5.098504002260808,0.006377878848414118,0.010083623440877508,0.001145623530416414,-0.002767978213564117
treatment_1,0.09726917953645504,0.24610662908098227,skin_baseline_K4_bcc_first_cap730.5,1.0,0.13066987797215415,0.13227523802034313,0.13227523802034313,-0.037482170251522236,0.0850603972703411,-0.0049951923758913925,0.022119666307177342,0.017517917476964327
baseline_Se20_1,0.5895603963167463,-0.09561023541622646,skin_baseline_K4_bcc_first_cap730.5,1.0,0.036326432051825265,0.03280144133691771,0.03280144133691771,-0.014031063514780458,-0.589281136720644,0.0034624467659613084,-0.0060479773852243415,-0.009152349368850874
history_none_1,1.4392749435449024,0.07753698407021803,skin_baseline_K4_bcc_first_cap730.5,1.0,0.2950595409280711,0.2992718765869191,0.2992718765869191,0.14993316384392902,-1.430878135603253,0.0014039344871549023,0.016206103515989004,-0.036817953844225725
history_SCC_only_1,0.9862984863785185,1.0076970364653342,skin_baseline_K4_bcc_first_cap730.5,1.0,0.11142263741904843,0.11840263804483717,0.11840263804483717,0.08855327269472502,-0.9817795447844151,0.0037484467900448805,0.0003690924818475391,-0.03221429011974331
history_both_1,1.0227481350419954,0.7681110418351583,skin_baseline_K4_bcc_first_cap730.5,1.0,0.11684813731662982,0.11987381196526488,0.11987381196526488,0.06948339832691823,-1.020364003895627,-0.0015198133424617392,0.006172927509007239,0.0016400537430136615
AK_gt2_1,0.5209765690545645,0.5991161154396569,skin_baseline_K4_bcc_first_cap730.5,1.0,0.0768513674093456,0.07929461122917904,0.07929461122917904,-0.13650074982641644,0.5025414767128127,0.005384138171217682,0.003586568887196061,-0.013940680175929114
age10_1,0.11951649248224744,0.15564624060203558,skin_baseline_K4_bcc_first_cap730.5,1.0,0.07398604732566734,0.0740782265648954,0.0740782265648954,-0.01017013047430584,0.11857921044326435,-0.0006988942488748302,0.010896755459858153,-0.0007096050476645416
male_1,0.9019929651451161,0.562120316934143,skin_baseline_K4_bcc_first_cap730.5,1.0,0.11239439523987241,0.10952452650983803,0.10952452650983803,-0.044070215681336455,0.8995440307813957,0.004211687958557952,0.03879296595123916,-0.03077384317702668
drink_gt2_1,0.49236346217772126,0.1468215232218239,skin_baseline_K4_bcc_first_cap730.5,1.0,0.07096804185538784,0.0701659568188532,0.0701659568188532,-0.07546746302411232,-0.4861050674823649,-0.004768599036954781,-0.010860646600732249,0.01695910077040508
sundamage_gt5_1,2.0239785408720397,0.4878414296945185,skin_baseline_K4_bcc_first_cap730.5,1.0,0.19691623142524298,0.19063427163639887,0.19063427163639887,0.10876647302755381,2.0209842795989834,-0.0031735624250866998,0.009594174153681113,0.013394409030553322
treatment_0,0.481269517176327,0.12776160492469033,skin_baseline_K8_bcc_first_cap730.5,1.0,0.05351740206173913,0.05112658257907882,0.05112658257907882,0.48112771563923357,0.002270521982695288,0.0031705862608420693,-0.0010209719843834117,0.010964448723190598
baseline_Se20_0,0.0443065955715219,0.06817276149272199,skin_baseline_K8_bcc_first_cap730.5,1.0,0.018682083126393013,0.01941331767765118,0.01941331767765118,0.042903657068444165,0.0030238600565987354,-0.0016054028473179568,0.0011889563612461156,-0.010450643813599624
history_none_0,2.5387491658342127,-1.276824415885623,skin_baseline_K8_bcc_first_cap730.5,1.0,0.30205669414656156,0.28672124434561086,0.28672124434561086,2.537514194472349,-0.007650005763982387,-0.07809141197051779,-0.00014629306910850825,0.010593736916546307
history_SCC_only_0,3.340637041736743,-1.2231242919126644,skin_baseline_K8_bcc_first_cap730.5,1.0,0.10773676119473904,0.09329698620612024,0.09329698620612024,3.339846545588923,0.004124666472869513,-0.07254402722997189,0.0009966689459028654,-0.0005044126427635234
history_both_0,0.36920670462938243,-0.060642216957808484,skin_baseline_K8_bcc_first_cap730.5,1.0,0.10744481792610666,0.106601611160257,0.106601611160257,-0.3685147421327701,-0.011848169013387281,-0.018881991610764256,-0.0003547539379861831,0.003666197974841482
AK_gt2_0,6.81560150421269,0.3236669311425405,skin_baseline_K8_bcc_first_cap730.5,1.0,0.09973272173938827,0.05429386216237324,0.05429386216237324,-6.81558716946103,0.0024611976858592405,-0.00013921726425875823,-0.001104833121853466,0.013715034551630017
age10_0,0.29682661779143144,-0.050485349798954374,skin_baseline_K8_bcc_first_cap730.5,1.0,0.06498610251326267,0.06517573482865002,0.06517573482865002,-0.29663698826303075,-0.0019435585177308334,0.010413329202220451,-0.00013701714128124882,0.0005519105510947424
male_0,0.9776044729798632,0.2642703999060345,skin_baseline_K8_bcc_first_cap730.5,1.0,0.11124331474551691,0.11139311788807303,0.11139311788807303,0.9754719661608862,0.013988890347317198,0.061497662045843296,0.0011368248104528802,-0.013638363668251186
drink_gt2_0,2.389898267388059,0.14981262484034388,skin_baseline_K8_bcc_first_cap730.5,1.0,0.07866284412408925,0.06156445709818515,0.06156445709818515,-2.389859499636942,-0.0031290799968236274,0.008849456422006097,-0.0014385883079835208,0.009753302138265231
sundamage_gt5_0,5.06605380493251,0.03787023840336939,skin_baseline_K8_bcc_first_cap730.5,1.0,0.11042217645922374,0.09051589520528705,0.09051589520528705,5.066039049204399,0.0060063742601729146,0.010239663713724804,0.0011382727665723712,-0.0026987956084983606
treatment_1,0.09627017738417636,0.24532172631333826,skin_baseline_K8_bcc_first_cap730.5,1.0,0.12963980987776313,0.13131699490027435,0.13131699490027435,-0.03648816280114155,0.08432618175635946,-0.004888443499166495,0.022346038162142225,0.01739004882060827
baseline_Se20_1,0.5734483140442771,-0.09570807744654601,skin_baseline_K8_bcc_first_cap730.5,1.0,0.036818578623275165,0.03313138964351933,0.03313138964351933,-0.012895526314807827,-0.5731891201684183,0.0034031821781946325,-0.00599755907849354,-0.009129865169018186
history_none_1,1.3803476810362316,0.07698449467709464,skin_baseline_K8_bcc_first_cap730.5,1.0,0.2943482282297299,0.2985469028777076,0.2985469028777076,0.1544018696987568,-1.3710882789221193,0.001432930639370271,0.016599470784020517,-0.03686622922790888
history_SCC_only_1,0.9510831957790825,1.0052300798906222,skin_baseline_K8_bcc_first_cap730.5,1.0,0.10882118438074849,0.11584855493224126,0.11584855493224126,0.0922100110019065,-0.9460372092117029,0.0037717468313084464,0.0006544984046801572,-0.032488513493114234
history_both_1,0.9907598248715702,0.7662221104519118,skin_baseline_K8_bcc_first_cap730.5,1.0,0.11542885334150511,0.11826854749992512,0.11826854749992512,0.06687805012716568,-0.9884781266321387,-0.0014291872203241551,0.006275324842205301,0.0013884821079879232
AK_gt2_1,0.5219214421230547,0.5977584812285176,skin_baseline_K8_bcc_first_cap730.5,1.0,0.07579293102613867,0.07832656490467597,0.07832656490467597,-0.15133216001180824,0.49926313392691996,0.005280935531870704,0.0037902940083628417,-0.013951257530359534
age10_1,0.11906899482224724,0.15517770933219444,skin_baseline_K8_bcc_first_cap730.5,1.0,0.07436168604762945,0.07446239278586944,0.07446239278586944,-0.009644913815533385,0.11817142920406543,-0.0007004518944817371,0.01090867005701054,-0.0006517438688808755
male_1,0.8741524609400871,0.5612092682214245,skin_baseline_K8_bcc_first_cap730.5,1.0,0.11153160898141401,0.10859624221567421,0.10859624221567421,-0.04402707790848438,0.8716004679607425,0.004281018437997769,0.038994255889237814,-0.03127117710997744
drink_gt2_1,0.4829917209336287,0.14673614725486117,skin_baseline_K8_bcc_first_cap730.5,1.0,0.07010182083074552,0.06918579856814465,0.06918579856814465,-0.07834696823390896,-0.4761456917692033,-0.004726146662976383,-0.010955992360216306,0.016901628256854314
sundamage_gt5_1,1.9650858024932758,0.4875680179396631,skin_baseline_K8_bcc_first_cap730.5,1.0,0.19625252923488182,0.18947564059943028,0.18947564059943028,0.1188815881436125,1.961415302355247,-0.003084102858800486,0.009631970761887773,0.013308053823444984
treatment_0,0.48107520813192717,0.12544230288303665,skin_baseline_K4_scc_first_cap730.5,1.0,0.05220522720649796,0.04991951330728905,0.04991951330728905,0.4809333935824417,0.0024422621523156047,0.002392524066433976,-0.0010287583246841503,0.011121135595504185
baseline_Se20_0,0.043764006015286495,0.06791316762170196,skin_baseline_K4_scc_first_cap730.5,1.0,0.018599601739157316,0.019304011608225518,0.019304011608225518,0.04232965347063325,0.0030498713723566464,-0.0016072041409517942,0.0011916345977680495,-0.010496849337250121
history_none_0,2.588898882902916,-1.2711584954420478,skin_baseline_K4_scc_first_cap730.5,1.0,0.30284627230662914,0.28800736759487694,0.28800736759487694,2.587718945638437,-0.008137167285496998,-0.0769973220386737,-0.00015427124010277643,0.010642339389775666
history_SCC_only_0,3.4122800571569836,-1.2210714496785504,skin_baseline_K4_scc_first_cap730.5,1.0,0.10615104828486296,0.09195440114453253,0.09195440114453253,3.4115155449153827,0.004191021907041031,-0.07209895292240368,0.000980956260314997,-0.00029886393197864705
history_both_0,0.3498822535595924,-0.059738502344337543,skin_baseline_K4_scc_first_cap730.5,1.0,0.10651945636616096,0.10577113900331792,0.10577113900331792,-0.3491543639802526,-0.012220165721372028,-0.018601915622489258,-0.000351920758231152,0.003651562156135007
AK_gt2_0,6.880386279378757,0.3234282014408357,skin_baseline_K4_scc_first_cap730.5,1.0,0.0974428149840712,0.05432133284604205,0.05432133284604205,-6.880371706448269,0.0027867659361312798,-0.00023816366332746547,-0.0011176390236315643,0.013837003515563901
age10_0,0.3011656991992789,-0.04994788908891511,skin_baseline_K4_scc_first_cap730.5,1.0,0.06482871647529906,0.06501528006400963,0.06501528006400963,-0.300969245580966,-0.002033777315635587,0.010668864038293473,-0.00013844009796246245,0.0005581334220543902
male_0,0.970521522247238,0.2626061245795427,skin_baseline_K4_scc_first_cap730.5,1.0,0.1109129495681492,0.11108708932672,0.11108708932672,0.9683377706349241,0.014527347026280234,0.06191257562926512,0.0011442849907475979,-0.013728324226567222
drink_gt2_0,2.40957197669739,0.14937938497647554,skin_baseline_K4_scc_first_cap730.5,1.0,0.07807605982546258,0.06173946205516647,0.06173946205516647,-2.4095349382964217,-0.003212988393656211,0.008396682312605668,-0.0014391748712832024,0.009777178613486792
sundamage_gt5_0,5.0988820609849865,0.03783583871564893,skin_baseline_K4_scc_first_cap730.5,1.0,0.10902959558106205,0.09005913241507334,0.09005913241507334,5.098867247419851,0.006355914363231,0.010083154400384299,0.0011467332071935033,-0.00277171003346447
treatment_1,0.09727960563216567,0.24594050824755065,skin_baseline_K4_scc_first_cap730.5,1.0,0.13055374218721646,0.13216176234155,0.13216176234155,-0.03747088380716564,0.08507053635698782,-0.004993165371429019,0.022143437531228254,0.017521268688886097
baseline_Se20_1,0.5884402229559285,-0.09556911271100677,skin_baseline_K4_scc_first_cap730.5,1.0,0.03635340939468476,0.0328138987657277,0.0328138987657277,-0.013993763409217893,-0.588161381271592,0.0034612208026061015,-0.006038462801128797,-0.00915516664608353
history_none_1,1.4348977014416893,0.07760383659672797,skin_baseline_K4_scc_first_cap730.5,1.0,0.29503540464915573,0.29923737081434554,0.29923737081434554,0.15028082371492732,-1.426438269051111,0.0014009850736793625,0.01625068020911721,-0.03680903212855906
history_SCC_only_1,0.9836890089829974,1.0072757479908478,skin_baseline_K4_scc_first_cap730.5,1.0,0.11152776426681194,0.11847647356484912,0.11847647356484912,0.08882532388906379,-0.9791325906776152,0.0037487830908992806,0.00035115085982406443,-0.032238508360456414
history_both_1,1.020450878300424,0.767984803711185,skin_baseline_K4_scc_first_cap730.5,1.0,0.11699101396220639,0.1199794895892491,0.1199794895892491,0.06935477723744966,-1.0180702252591327,-0.0015188825115325557,0.006159532111772617,0.0016369176368379135
AK_gt2_1,0.5211495190510397,0.5988528547059848,skin_baseline_K4_scc_first_cap730.5,1.0,0.07681991116825371,0.07927729594637169,0.07927729594637169,-0.13745666258104539,0.5024607487496484,0.005375523208822068,0.0035945237582378727,-0.013923585541672391
age10_1,0.11956192809252686,0.15559840424019436,skin_baseline_K4_scc_first_cap730.5,1.0,0.07394630002088101,0.07403897543922834,0.07403897543922834,-0.010172650146916975,0.11862442021646713,-0.0006995805207032173,0.010901162965182756,-0.0007028510507904685
male_1,0.9000819818782462,0.5619359549427793,skin_baseline_K4_scc_first_cap730.5,1.0,0.11231208274131588,0.10943390195768858,0.10943390195768858,-0.044090871891117475,0.8976262811721344,0.004207177525750052,0.038809626336963374,-0.030769157084472514
drink_gt2_1,0.49165792132347996,0.1468887496613729,skin_baseline_K4_scc_first_cap730.5,1.0,0.07090789795835206,0.07009956709226493,0.07009956709226493,-0.075711187733371,-0.4853518732748038,-0.004770262301477398,-0.010853514925597626,0.016980358420870194
sundamage_gt5_1,2.019752446661942,0.48771479339628393,skin_baseline_K4_scc_first_cap730.5,1.0,0.19707839385442105,0.19071250832458822,0.19071250832458822,0.10946382107377349,2.0167142895432466,-0.003168039616908539,0.009581042173440989,0.013388770696520192
treatment_0,0.41939939983306534,0.12041683535818239,skin_baseline_K4_bcc_first_cap1461,1.0,0.05768612590980907,0.05787077775828503,0.05787077775828503,0.4192625777917659,0.004331259793966253,0.007222251819939272,-0.0006789830162819356,0.006585263324197664
baseline_Se20_0,0.2722391928392817,0.06023722430865307,skin_baseline_K4_bcc_first_cap1461,1.0,0.017059845978736686,0.01729975295950468,0.01729975295950468,-0.27199829511207985,-0.006010113986618345,-0.0018280262927150232,0.0011145072266072103,-0.00950790709296197
history_none_0,3.0401946243131617,-1.5844464785230277,skin_baseline_K4_bcc_first_cap1461,1.0,0.31750096603650035,0.31743417433477134,0.31743417433477134,3.037096922980817,-0.06449084316093061,-0.12110365188181706,0.0006255793052475228,-0.0002818207063682115
history_SCC_only_0,4.126020938322639,-1.2696651209964025,skin_baseline_K4_bcc_first_cap1461,1.0,0.11412445760457425,0.11535007802616792,0.11535007802616792,4.124515093787072,-0.03805180848215315,-0.10379292878076621,-0.0005009860928022468,0.014242942769495347
history_both_0,0.6781039986167317,-0.05844171626336205,skin_baseline_K4_bcc_first_cap1461,1.0,0.10715933565501956,0.10721185166833293,0.10721185166833293,0.6766113700978951,-0.03895915361130066,-0.021011362257129736,-0.0008078439366740453,0.007882968248980996
AK_gt2_0,4.22100219397643,0.31419432679441117,skin_baseline_K4_bcc_first_cap1461,1.0,0.06513572825398564,0.06672022948172868,0.06672022948172868,-4.2208279048920945,0.032630122339213,0.01798161528808281,-0.001040112915583171,0.0090649672327604
age10_0,0.3142772788520343,-0.0377509102740029,skin_baseline_K4_bcc_first_cap1461,1.0,0.05992029833778828,0.05960217240925997,0.05960217240925997,-0.3140872758325888,-0.0023888485078217953,0.0106614718944622,-4.969000885108073e-06,-0.0001325060826189528
male_0,0.7612840459676748,0.35395187660717997,skin_baseline_K4_bcc_first_cap1461,1.0,0.13161732933403672,0.13159725156902063,0.13159725156902063,-0.756582623997088,0.03169593260223709,0.07573052726794485,0.0017659606974330892,-0.019830990635933656
drink_gt2_0,1.7152081639151227,0.14884053489934965,skin_baseline_K4_bcc_first_cap1461,1.0,0.06123650252997622,0.062197308060025824,0.062197308060025824,-1.7150744062545946,-0.003563885801092989,0.01938500849479796,-0.0013689701171437055,0.008274820602748435
sundamage_gt5_0,3.9635576621612905,0.03073966980875104,skin_baseline_K4_bcc_first_cap1461,1.0,0.09533432540220943,0.09382851650372474,0.09382851650372474,3.9634672021711275,0.0262778350402007,0.0006239039496301818,0.0011672816361015788,-0.004980178138565599
treatment_1,0.11600797848348843,0.21657695559221413,skin_baseline_K4_bcc_first_cap1461,1.0,0.13383416162468553,0.13339925403187847,0.13339925403187847,-0.03794056923146416,0.1072861430910059,-0.0049232062469594055,0.01591136693872817,0.015186777843415062
baseline_Se20_1,0.6425093246656562,-0.10979324073295452,skin_baseline_K4_bcc_first_cap1461,1.0,0.0644814461858111,0.04411850233540739,0.04411850233540739,-0.017625900903642636,-0.6421614041356946,0.003949403366113523,-0.006828509700393525,-0.00860607962135942
history_none_1,2.4952169844874845,0.0014150471653136044,skin_baseline_K4_bcc_first_cap1461,1.0,0.4261824230233702,0.3708976238448887,0.3708976238448887,0.0788179969217089,-2.493397585779784,0.006348410566646202,0.006927157248525048,-0.052685049485978276
history_SCC_only_1,1.870281974240424,0.9197828414174266,skin_baseline_K4_bcc_first_cap1461,1.0,0.16598176711732493,0.10529824802018191,0.10529824802018191,0.06920502796640735,-1.8685153159263215,0.00637545158275601,0.019722821312051293,-0.03723177887496725
history_both_1,1.0510002203393478,0.7701587995108444,skin_baseline_K4_bcc_first_cap1461,1.0,0.1087743270847522,0.07271374907178672,0.07271374907178672,0.06288851153926824,-1.048954643897937,-0.0006774837842675462,0.01784958783169241,-0.004646132224332832
AK_gt2_1,2.1588143957946757,0.6506221379496527,skin_baseline_K4_bcc_first_cap1461,1.0,0.17830180459623926,0.10060384678644778,0.10060384678644778,-0.010661452576960566,2.158652414969059,0.008486610504980271,0.008117021536475187,-0.02116061603645534
age10_1,0.16132589103115705,0.210692329387902,skin_baseline_K4_bcc_first_cap1461,1.0,0.0510609487677572,0.051813183630400106,0.051813183630400106,-0.0037194821442437876,0.16049554465016416,-0.0007055054196430475,0.01564259047172992,-0.002863624007996137
male_1,1.3238673196175719,0.68298393387945,skin_baseline_K4_bcc_first_cap1461,1.0,0.058539319612985766,0.07320361977739918,0.07320361977739918,-0.02901453502100196,1.3224944301489583,0.005796184803275619,0.04329614773129521,-0.02971812186642713
drink_gt2_1,0.09972096301606465,0.11250605330532963,skin_baseline_K4_bcc_first_cap1461,1.0,0.07503037888500504,0.0746923903101754,0.0746923903101754,-0.01770219798699654,-0.09529197602421849,-0.007102637801673384,-0.01087122054017601,0.019537427079975824
sundamage_gt5_1,1.1532437647796563,0.5024275673440939,skin_baseline_K4_bcc_first_cap1461,1.0,0.16215842308480397,0.16375998455374066,0.16375998455374066,0.022984009281173112,1.1528665192369727,-0.004202654025519704,0.014030507796749346,0.011277752127630956
selenium_change_0,0.03754642381684342,0.02613978410846446,skin_measured_K2_bcc_first_cap730.5,0.5,0.02257335127783079,0.0224657702373412,0.0224657702373412,-0.027575512585756724,0.0028703697809277064,-0.025302101578975816,-0.00045684386469745005,0.0008252113414235043
baseline_Se20_0,0.04206816780979292,0.07559514730382948,skin_measured_K2_bcc_first_cap730.5,1.0,0.017521233942857522,0.018247792652852163,0.018247792652852163,0.03991883119814152,0.0028905500616995014,-0.008449025804763508,0.0009552332831401336,-0.009775677537296896
history_none_0,2.5010464396544845,-1.26559899059519,skin_measured_K2_bcc_first_cap730.5,1.0,0.30966857417835625,0.294757410617912,0.294757410617912,2.4996168232036444,-0.015936815302644763,-0.0817885643808832,-0.0005640029307773701,0.014330422914544057
history_SCC_only_0,3.327309292653952,-1.2185361887270647,skin_measured_K2_bcc_first_cap730.5,1.0,0.10293752263707003,0.0864874594037708,0.0864874594037708,3.326534993986716,0.0038869997001968405,-0.07164274432150379,0.0010975553521960198,-0.0017511581313983185
history_both_0,0.3743910245985598,-0.06006386190848914,skin_measured_K2_bcc_first_cap730.5,1.0,0.10638820495701394,0.10590690838036365,0.10590690838036365,-0.3735489543790203,-0.015007629337668778,-0.0198518254322471,-0.00022996722578418443,0.003231282415050558
AK_gt2_0,6.77041782637717,0.32159880744307723,skin_measured_K2_bcc_first_cap730.5,1.0,0.09559926381157219,0.05512290197511443,0.05512290197511443,-6.770403525653743,0.0066621318444207355,0.00018618571908126427,-0.0009124165710601458,0.012181640747579402
age10_0,0.2979379579762154,-0.050195821538230344,skin_measured_K2_bcc_first_cap730.5,1.0,0.0651603515613752,0.06536189141880439,0.06536189141880439,-0.29765401070993014,-0.003834173120753688,0.012401400482873323,-0.00018724898242624763,0.0007655270680867756
male_0,0.9100764926901571,0.26304502872234004,skin_measured_K2_bcc_first_cap730.5,1.0,0.10552005867502252,0.1051750594394782,0.1051750594394782,0.9082824946533414,0.020586167063847294,0.05133242605352968,0.0010772975612507256,-0.014218426233697876
drink_gt2_0,2.3683038375207794,0.1578301759024469,skin_measured_K2_bcc_first_cap730.5,1.0,0.07736339316531705,0.06324988967259394,0.06324988967259394,-2.3682693517171125,-0.0019362677160267036,0.00860219866985852,-0.0013012987629533982,0.00915992357851553
sundamage_gt5_0,4.94128892727085,0.040512875707765246,skin_measured_K2_bcc_first_cap730.5,1.0,0.10906296207047324,0.08879356328354461,0.08879356328354461,4.941278324093287,0.005533069508454301,0.008301112042556395,0.0009735692350430606,-0.002077368276218227
selenium_change_1,0.2059552960944286,0.11350597992422672,skin_measured_K2_bcc_first_cap730.5,0.5,0.026763706274667714,0.023704947700841642,0.023704947700841642,-0.0029223829937121896,-0.205530216464127,-0.0010925126860463646,-0.012610186199277935,-0.0024826210426259205
baseline_Se20_1,0.7613672906818865,-0.057972490679748655,skin_measured_K2_bcc_first_cap730.5,1.0,0.0338318985440797,0.05042346612606603,0.05042346612606603,-0.018598415988793478,-0.7609897413353449,0.0031700391935442205,-0.010365132561021112,-0.01055361093904534
history_none_1,2.0948517345385853,0.12332818635461804,skin_measured_K2_bcc_first_cap730.5,1.0,0.2937183353501344,0.3016494886177933,0.3016494886177933,0.09398795383084052,-2.092183157645004,0.0010605325816845025,0.02394032577422105,-0.042016962920451394
history_SCC_only_1,1.4419207726429708,1.0099711908169238,skin_measured_K2_bcc_first_cap730.5,1.0,0.10804936437763005,0.12912710774705544,0.12912710774705544,0.0477494305506014,-1.4407765098085055,0.0034490808354652905,-0.00263584257179189,-0.031618213433771775
history_both_1,1.3207760946894855,0.7629161714784337,skin_measured_K2_bcc_first_cap730.5,1.0,0.11615043408437124,0.11091695881164136,0.11091695881164136,0.07509608105195681,-1.3186333224443445,-0.0009342521717013447,0.003888550686598944,0.00048805703915612015
AK_gt2_1,0.6511907749079725,0.5924578889309853,skin_measured_K2_bcc_first_cap730.5,1.0,0.07482850610293584,0.10092457925112552,0.10092457925112552,-0.02697231488619685,0.6504402940924248,0.0059628262973866605,0.0007125628790797683,-0.014604120397202864
age10_1,0.1307920305000743,0.15367462220600464,skin_measured_K2_bcc_first_cap730.5,1.0,0.07550796040358047,0.07467656945901432,0.07467656945901432,-0.011139594037301618,0.12983564310597487,-0.0004959308730072776,0.01093812983346037,-0.002298224225345149
male_1,1.1436731497853647,0.6048291950722673,skin_measured_K2_bcc_first_cap730.5,1.0,0.1008364922715983,0.08463648065349577,0.08463648065349577,-0.05034027823640862,1.1415486627750713,0.003875311316699966,0.03424623320449609,-0.033659440236085844
drink_gt2_1,0.46497852302605824,0.1400932477392913,skin_measured_K2_bcc_first_cap730.5,1.0,0.07061797836557655,0.07674192299720993,0.07674192299720993,-0.045706352605137265,-0.4622242909004977,-0.005194562174827862,-0.0065492593713822635,0.019869193090301808
sundamage_gt5_1,2.3080041569023537,0.49367895167383363,skin_measured_K2_bcc_first_cap730.5,1.0,0.18141777812034968,0.1267851904410397,0.1267851904410397,0.03880889505732596,2.3076006608723527,-0.0036406862197078046,0.010121208666624132,0.015509817001880002
selenium_change_0,0.039501969035370225,0.024307671584413052,skin_measured_K4_bcc_first_cap730.5,0.5,0.020987919239170177,0.020869784662323563,0.020869784662323563,-0.028664408795287647,0.002903691406103395,-0.02700400839137721,-0.0004916648917984692,0.0009314498047171108
baseline_Se20_0,0.045096166797727814,0.07538577074432205,skin_measured_K4_bcc_first_cap730.5,1.0,0.01783328648997832,0.018576612200720856,0.018576612200720856,0.04310329309461078,0.0028585421962366332,-0.008513321127578325,0.0009478482152643048,-0.009706908256517682
history_none_0,2.494947928936265,-1.2702927724782498,skin_measured_K4_bcc_first_cap730.5,1.0,0.3081275639097957,0.29303962420846086,0.29303962420846086,2.4933794371075253,-0.016042108142706325,-0.08579532355716435,-0.0005801977899910599,0.014339710781666171
history_SCC_only_0,3.3140760893509422,-1.2225965994004615,skin_measured_K4_bcc_first_cap730.5,1.0,0.10639451082310337,0.09071737250121503,0.09071737250121503,3.313221377046582,0.004111763380510827,-0.07512603810135157,0.0010653598520848173,-0.0015714638622127963
history_both_0,0.3653169583786208,-0.060454613418218735,skin_measured_K4_bcc_first_cap730.5,1.0,0.10715438910410183,0.10665251620244999,0.10665251620244999,-0.36446448398760467,-0.01501805376398802,-0.019648065839107717,-0.0002299080645329515,0.0032370824614088626
AK_gt2_0,6.745813837029489,0.3227464644191239,skin_measured_K4_bcc_first_cap730.5,1.0,0.09546376013780893,0.05464552011354732,0.05464552011354732,-6.74579957457121,0.006640829205050905,0.0017542004735554147,-0.0009023708338760493,0.012017964405674646
age10_0,0.29690864603432165,-0.05041527170913141,skin_measured_K4_bcc_first_cap730.5,1.0,0.0657365447051937,0.0658981756745264,0.0658981756745264,-0.29665230373753937,-0.0038553298700578415,0.011690291682249086,-0.00019155196812277274,0.0007691534081684194
male_0,0.9049731347942456,0.2632024412976237,skin_measured_K4_bcc_first_cap730.5,1.0,0.10591719999816256,0.10561711251015755,0.10561711251015755,0.9032473728160838,0.02079273688408966,0.04987884562607631,0.0010770152132042446,-0.01411244451807725
drink_gt2_0,2.359521346246555,0.15837961588640798,skin_measured_K4_bcc_first_cap730.5,1.0,0.07724608811674562,0.06315014389585653,0.06315014389585653,-2.3594852628405363,-0.0019557701795451443,0.009077359111331684,-0.0013057287278077322,0.009074658039743425
sundamage_gt5_0,4.91428686432926,0.04021823536289563,skin_measured_K4_bcc_first_cap730.5,1.0,0.10967328702410603,0.08900856577927507,0.08900856577927507,4.914277518803432,0.005401085414484473,0.007623671878694211,0.0009637533716227654,-0.0019058292601361589
selenium_change_1,0.20948350480372327,0.11392053622914154,skin_measured_K4_bcc_first_cap730.5,0.5,0.025447488625721677,0.022205983328448815,0.022205983328448815,-0.003411797306861914,-0.208990017663938,-0.001175987617874023,-0.013636757672995449,-0.002743507628190147
baseline_Se20_1,0.7650106317813422,-0.05778612944963928,skin_measured_K4_bcc_first_cap730.5,1.0,0.03312864498290596,0.049415465290193535,0.049415465290193535,-0.01891027331371152,-0.7646216578049608,0.003055993356158828,-0.010892374224145913,-0.0104597230197958
history_none_1,2.107285419039269,0.12215275029792616,skin_measured_K4_bcc_first_cap730.5,1.0,0.2923033452840543,0.30097750457567934,0.30097750457567934,0.09459720025559518,-2.104614303097899,0.0009561395658300061,0.02363926627732617,-0.041738628176493285
history_SCC_only_1,1.449292277348846,1.008164617254783,skin_measured_K4_bcc_first_cap730.5,1.0,0.10881038228741417,0.1308134932012777,0.1308134932012777,0.04796044937814232,-1.448140095617317,0.0034628445884300543,-0.0017733051979192012,-0.03198480951874765
history_both_1,1.32550728351975,0.7591690661835232,skin_measured_K4_bcc_first_cap730.5,1.0,0.1159971631278288,0.11156733571807238,0.11156733571807238,0.07460798245920536,-1.323399157570918,-0.0009423185601744403,0.004084911279727725,0.0005503575437330738
AK_gt2_1,0.6551825409304486,0.5924143188993019,skin_measured_K4_bcc_first_cap730.5,1.0,0.07459302518219549,0.09989777557741208,0.09989777557741208,-0.0285502301670081,0.6543746283802497,0.005856318136506548,0.0016278911437460834,-0.014350802695597081
age10_1,0.1321958041673712,0.15256126954591642,skin_measured_K4_bcc_first_cap730.5,1.0,0.07520434950734423,0.07436995668100504,0.07436995668100504,-0.011218884437997121,0.13123683086378637,-0.0004873272021140769,0.011004573353076332,-0.0023288138117060525
male_1,1.1490312750762206,0.6018802753847458,skin_measured_K4_bcc_first_cap730.5,1.0,0.1005145366279646,0.08514654241966513,0.08514654241966513,-0.04991293451847791,1.1469107832058698,0.0038872907150252845,0.03465669761204757,-0.03407385682105704
drink_gt2_1,0.4658731924189295,0.13941756293125465,skin_measured_K4_bcc_first_cap730.5,1.0,0.07027801621673122,0.0763086454516386,0.0763086454516386,-0.04613080378225589,-0.4630924596214539,-0.005061249814739263,-0.00668498125804937,0.019617568010646357
sundamage_gt5_1,2.316949299448171,0.49338107787957547,skin_measured_K4_bcc_first_cap730.5,1.0,0.1781131036799276,0.1254385743560573,0.1254385743560573,0.03917915871516849,2.31653824387234,-0.003592134729451159,0.01077570803404978,0.01551112816807509
selenium_change_0,0.03893683642279184,0.020632131495115287,skin_measured_K8_bcc_first_cap730.5,0.5,0.02129659695215597,0.0211598647851615,0.0211598647851615,-0.02714720155363931,0.003080050608773605,-0.027718229770160117,-0.0005072750510575418,0.0010307167893800085
baseline_Se20_0,0.04877479932560247,0.07473458907140909,skin_measured_K8_bcc_first_cap730.5,1.0,0.018096980396771753,0.018880163580189742,0.018880163580189742,0.04691847714898782,0.002916092517257894,-0.008705797079552062,0.0009417295447538094,-0.009615414623285431
history_none_0,2.4344308222851274,-1.2774835948166028,skin_measured_K8_bcc_first_cap730.5,1.0,0.30756370387739695,0.2920473882719479,0.2920473882719479,2.4327838917518037,-0.016149370322563684,-0.0868888450589105,-0.0005831206229709516,0.014323091064489658
history_SCC_only_0,3.2311058727212285,-1.2255826339373075,skin_measured_K8_bcc_first_cap730.5,1.0,0.10772047682769488,0.09208522262408023,0.09208522262408023,3.2302193112538062,0.004138068632422335,-0.07554732764984097,0.0010669639677592848,-0.0016435320037764864
history_both_0,0.38572864409503105,-0.061407789593767095,skin_measured_K8_bcc_first_cap730.5,1.0,0.10831811117962747,0.1076812182837493,0.1076812182837493,-0.38490631246550305,-0.01505772058593703,-0.019912000277034093,-0.00023309464603548389,0.003231170408525316
AK_gt2_0,6.678457252883342,0.32318362810704876,skin_measured_K8_bcc_first_cap730.5,1.0,0.09760905183975908,0.054867044727993,0.054867044727993,-6.678443073920246,0.006663024107294505,0.001897139700665081,-0.0008874101355358412,0.011857675605315957
age10_0,0.2897674901955043,-0.050716091240133925,skin_measured_K8_bcc_first_cap730.5,1.0,0.06594162666257855,0.0660851347240301,0.0660851347240301,-0.28951294485476065,-0.0038818615723025876,0.011479622759249493,-0.0001899042924019273,0.000752651396428286
male_0,0.9267718413851981,0.26344156932983576,skin_measured_K8_bcc_first_cap730.5,1.0,0.10662729335940405,0.10626233295584975,0.10626233295584975,0.925140310107846,0.020902627563465153,0.04885674424549721,0.0010713906741767459,-0.01401440054963919
drink_gt2_0,2.3381075109538374,0.15900479101498494,skin_measured_K8_bcc_first_cap730.5,1.0,0.07781812820487051,0.06321248051484994,0.06321248051484994,-2.3380690168481717,-0.0019996682678784052,0.009616857935971848,-0.0013055356373694383,0.009045340255111795
sundamage_gt5_0,4.873716565740856,0.040060928009345284,skin_measured_K8_bcc_first_cap730.5,1.0,0.11134524252463987,0.08966714206577477,0.08966714206577477,4.873707297574673,0.00527391018429894,0.007636700820431119,0.0009540416662648545,-0.001815825064452238
selenium_change_1,0.21084590767880504,0.11520127753574347,skin_measured_K8_bcc_first_cap730.5,0.5,0.025624723593110042,0.02259071501724802,0.02259071501724802,-0.0030429374770901203,-0.2103358615922856,-0.0010888860782107014,-0.013882551121154703,-0.003413465411832729
baseline_Se20_1,0.7666673524414427,-0.0572831911995214,skin_measured_K8_bcc_first_cap730.5,1.0,0.03297998105232164,0.04904393274481483,0.04904393274481483,-0.018380574677735417,-0.766288421167468,0.0030184674450664094,-0.010988278122674921,-0.010638888895865202
history_none_1,2.109957559016664,0.12212439405445144,skin_measured_K8_bcc_first_cap730.5,1.0,0.2912789399593449,0.30127015863933404,0.30127015863933404,0.09340138722857659,-2.107338481544028,0.0009715476568679635,0.023828972610128573,-0.04186695688178648
history_SCC_only_1,1.4476182130487152,1.0059595536070827,skin_measured_K8_bcc_first_cap730.5,1.0,0.10670906116340428,0.13007414937813652,0.13007414937813652,0.04630058716059939,-1.446516133081795,0.0034487334461146824,-0.0016572305176412465,-0.03211203727045134
history_both_1,1.3267858666989205,0.757812574663681,skin_measured_K8_bcc_first_cap730.5,1.0,0.11458522806068351,0.11111719935657693,0.11111719935657693,0.0722721424410069,-1.324809404432772,-0.0008746142822326081,0.004073622935680564,0.0003950588705613293
AK_gt2_1,0.6540838187761661,0.5908040445419024,skin_measured_K8_bcc_first_cap730.5,1.0,0.07376598495819615,0.09887727849732231,0.09887727849732231,-0.029198807746356536,0.6532441131098609,0.005767882919786328,0.0020505614658658795,-0.014412738206651168
age10_1,0.13267864021073741,0.15199599666928912,skin_measured_K8_bcc_first_cap730.5,1.0,0.0754429070015402,0.07466207024606647,0.07466207024606647,-0.010831551025960891,0.1317508163766977,-0.0004717256002622926,0.011053443652293804,-0.002370719932768038
male_1,1.1516394555158853,0.6009114288789842,skin_measured_K8_bcc_first_cap730.5,1.0,0.09934181664667957,0.08453947395591423,0.08453947395591423,-0.04888441839304067,1.1495381021520725,0.003966575811772438,0.03498350861018725,-0.0347321355744302
drink_gt2_1,0.466331505457559,0.13934337729369004,skin_measured_K8_bcc_first_cap730.5,1.0,0.0696108596437767,0.07578175401098812,0.07578175401098812,-0.046011002884662845,-0.46356895567393813,-0.004979552085418152,-0.006747843377440888,0.019533422690799683
sundamage_gt5_1,2.323180619063786,0.4921228925006868,skin_measured_K8_bcc_first_cap730.5,1.0,0.17581875513768175,0.12534662757878712,0.12534662757878712,0.039460715367618006,2.322764454933687,-0.003545874805523366,0.010986059448002038,0.015590410595997676
selenium_change_0,0.03957053715258481,0.024291296287616594,skin_measured_K4_scc_first_cap730.5,0.5,0.021002837115127744,0.020885006218237235,0.020885006218237235,-0.0287638820030195,0.0029047115224991034,-0.02699784801078877,-0.0004936969518215792,0.00094953659099465
baseline_Se20_0,0.04480638681559175,0.07538665191965094,skin_measured_K4_scc_first_cap730.5,1.0,0.017838818352147793,0.018581561431633538,0.018581561431633538,0.04280084743695264,0.0028604914382264783,-0.00851589772399075,0.0009479476856487728,-0.009700424115407264
history_none_0,2.494574385921248,-1.2704538971212587,skin_measured_K4_scc_first_cap730.5,1.0,0.30821338077606986,0.29311176974430425,0.29311176974430425,2.493005531280108,-0.01602797240580606,-0.08580151931044404,-0.00057992526983972,0.014340675451886987
history_SCC_only_0,3.3140214731516626,-1.222750227790624,skin_measured_K4_scc_first_cap730.5,1.0,0.10631116140899095,0.09061397369634397,0.09061397369634397,3.3131667817608985,0.0041157246553863575,-0.07512481413493037,0.0010627934315514125,-0.0015473617298642638
history_both_0,0.36479670348851045,-0.06045871012958971,skin_measured_K4_scc_first_cap730.5,1.0,0.10717271694358718,0.10667316650138374,0.10667316650138374,-0.3639440220635916,-0.015008252127915568,-0.019637744390919507,-0.00022987233857517527,0.0032314396590253746
AK_gt2_0,6.744025375165184,0.3227952379170898,skin_measured_K4_scc_first_cap730.5,1.0,0.09556884510546644,0.054696813189047934,0.054696813189047934,-6.74401112735701,0.006626409672625547,0.0017608216326912354,-0.0009019005826815124,0.012014646649164585
age10_0,0.296894996675386,-0.05040172470627147,skin_measured_K4_scc_first_cap730.5,1.0,0.06574632313339744,0.06590914205472068,0.06590914205472068,-0.2966389479542025,-0.003853087996601276,0.011683134803986828,-0.00019179566579715377,0.0007712949930508637
male_0,0.9040946432399715,0.2632799791987783,skin_measured_K4_scc_first_cap730.5,1.0,0.10597600800758744,0.10568451052647355,0.10568451052647355,0.9023678092484297,0.02078935130442715,0.04986822872042487,0.0010774047036812035,-0.014116040632334478
drink_gt2_0,2.359162684824511,0.15840392378118184,skin_measured_K4_scc_first_cap730.5,1.0,0.07728765006753496,0.06316330894023092,0.06316330894023092,-2.3591266030275384,-0.0019548397529396883,0.009073905917836264,-0.001306593579207924,0.0090763430023177
sundamage_gt5_0,4.914256330314735,0.04021218462954676,skin_measured_K4_scc_first_cap730.5,1.0,0.10971328241606192,0.0890261828486275,0.0890261828486275,4.914246992917358,0.005395636465999709,0.0076218031724691855,0.0009646567175105706,-0.0019071712303049314
selenium_change_1,0.2094407540041338,0.11426445189323836,skin_measured_K4_scc_first_cap730.5,0.5,0.02530949454732862,0.022104648568808196,0.022104648568808196,-0.003403959333192259,-0.20894776910928914,-0.0011725829434534824,-0.013627051273222057,-0.002756955887742161
baseline_Se20_1,0.7650640744397145,-0.0576323358680502,skin_measured_K4_scc_first_cap730.5,1.0,0.033146810925081045,0.04950953020976082,0.04950953020976082,-0.018907230430404848,-0.7646751314580381,0.0030569455501163107,-0.010886685725578785,-0.010470583708501194
history_none_1,2.1069966748842184,0.12226150445424634,skin_measured_K4_scc_first_cap730.5,1.0,0.29229189337422873,0.3009303661679099,0.3009303661679099,0.09453850641343704,-2.1043273174885173,0.000952497243883636,0.02369114570657558,-0.04173514123566316
history_SCC_only_1,1.4490567122173157,1.007771343191841,skin_measured_K4_scc_first_cap730.5,1.0,0.10899578638514823,0.13079044678763752,0.13079044678763752,0.04785386482188109,-1.4479073478936906,0.003462122733286945,-0.0018100210043898377,-0.032006441371517286
history_both_1,1.3255146005326406,0.7590763176132035,skin_measured_K4_scc_first_cap730.5,1.0,0.11611414074946913,0.1115928250760305,0.1115928250760305,0.07449253637815657,-1.323413046772663,-0.0009404651643903927,0.0040672859052583495,0.000546435441412618
AK_gt2_1,0.6554391750286103,0.5921457838828357,skin_measured_K4_scc_first_cap730.5,1.0,0.07456341796198465,0.09996132022624181,0.09996132022624181,-0.028553346203870834,0.6546315171476094,0.00585139538159965,0.0016401667826127751,-0.014348043935663055
age10_1,0.13232408457465464,0.1525031362522924,skin_measured_K4_scc_first_cap730.5,1.0,0.07514349047422952,0.07430946012547233,0.07430946012547233,-0.011230029316830047,0.13136419455401546,-0.00048629754124009003,0.01101497295025707,-0.0023306811975807628
male_1,1.1492205921895806,0.6017970978894994,skin_measured_K4_scc_first_cap730.5,1.0,0.10039406650100684,0.0850166582240053,0.0850166582240053,-0.049905261374451504,1.1470998412433926,0.003880714789488639,0.03469938036815406,-0.034062907595953464
drink_gt2_1,0.4657447598662049,0.1394299771172286,skin_measured_K4_scc_first_cap730.5,1.0,0.07022577355464475,0.07627420191361786,0.07627420191361786,-0.04616686772535649,-0.4629588368692686,-0.005061056551683044,-0.006682203569930648,0.0196379961794208
sundamage_gt5_1,2.316910987516305,0.4932003402851999,skin_measured_K4_scc_first_cap730.5,1.0,0.17806135561205266,0.12531093775545674,0.12531093775545674,0.039212251681386555,2.3164992745883803,-0.003591265378732158,0.010773937472474624,0.015526084750608583
selenium_change_0,0.04412735763522065,0.03658314206225962,skin_measured_K4_bcc_first_cap1461,0.5,0.01960812942748509,0.019763274715758297,0.019763274715758297,-0.041186342956533374,0.0030420238155252537,-0.015521954420440163,-0.0003584672389029891,-0.0007716016120180827
baseline_Se20_0,0.3055467317875184,0.07156342804364138,skin_measured_K4_bcc_first_cap1461,1.0,0.017166887552039628,0.01723932340568975,0.01723932340568975,-0.3053097208029251,-0.004411081594499488,-0.005820736161250412,0.0009658110637506554,-0.009513584391307853
history_none_0,3.363694374745475,-1.5815272700098169,skin_measured_K4_bcc_first_cap1461,1.0,0.31946502793694237,0.3195400716008412,0.3195400716008412,3.360751812032172,-0.06284083737964248,-0.12584773906775418,0.0005804609717328677,0.00037869623825208715
history_SCC_only_0,4.565244612425268,-1.2725326245124151,skin_measured_K4_bcc_first_cap1461,1.0,0.1143471798357132,0.11506793754741265,0.11506793754741265,4.563922576154934,-0.03245454109198642,-0.10414709194902104,-0.0003411645710237962,0.013002297837179069
history_both_0,0.7343443114900134,-0.05983254828424036,skin_measured_K4_bcc_first_cap1461,1.0,0.10866779140742616,0.10878777114218012,0.10878777114218012,0.7331233136823561,-0.035521069265756884,-0.021722617458631535,-0.000703256044973847,0.00759353099961374
AK_gt2_0,4.708760978268133,0.3181019018762058,skin_measured_K4_bcc_first_cap1461,1.0,0.06788807942218648,0.06845779930812483,0.06845779930812483,-4.708607769816761,0.03201258130236599,0.01846875957968999,-0.000995750966825572,0.008713697254842268
age10_0,0.367938308372754,-0.03883800020433016,skin_measured_K4_bcc_first_cap1461,1.0,0.06046824198820042,0.060201103433457796,0.060201103433457796,-0.36776453223268424,-0.003680721285536978,0.010690800945262962,-5.0803673915090475e-05,-6.391269388563094e-05
male_0,0.9704692809060229,0.36041789550439823,skin_measured_K4_bcc_first_cap1461,1.0,0.12679921549609335,0.1268851653886919,0.1268851653886919,-0.9672676944335195,0.034344668307707174,0.06800967981963894,0.0016320571508951563,-0.0199071868087116
drink_gt2_0,1.8879811437222962,0.15932008781125412,skin_measured_K4_bcc_first_cap1461,1.0,0.061021646834441896,0.06145602539795892,0.06145602539795892,-1.8878555263875325,-0.001045208899938872,0.020308893754161846,-0.0012808419421811614,0.007689366408157933
sundamage_gt5_0,4.34765545755685,0.030810774758780607,skin_measured_K4_bcc_first_cap1461,1.0,0.09253757386797816,0.09173035995009715,0.09173035995009715,4.347632607924772,0.013240823935956894,0.0005056299987099678,0.0010455517967598183,-0.004692107666182136
selenium_change_1,0.1889190623079978,0.06584144503464794,skin_measured_K4_bcc_first_cap1461,0.5,0.02467960706596721,0.025306050119534518,0.025306050119534518,0.0014540551412941603,-0.18860543016238412,-0.0009175155381940327,-0.010565440785389544,-0.0019542687862405643
baseline_Se20_1,0.6784066087645076,-0.08685542373959311,skin_measured_K4_bcc_first_cap1461,1.0,0.062041210380610334,0.04283249061696684,0.04283249061696684,-0.019786828265592252,-0.6779784545673971,0.0034765278825587163,-0.009878259157313706,-0.008919480638149178
history_none_1,2.740842537654077,0.023942485097377543,skin_measured_K4_bcc_first_cap1461,1.0,0.4181803956990629,0.3584173913939025,0.3584173913939025,0.08143544146139808,-2.7390271069851595,0.006176602612028487,0.009241254872783782,-0.05650700024853076
history_SCC_only_1,2.1467728878741763,0.9174038978713804,skin_measured_K4_bcc_first_cap1461,1.0,0.1658399697904926,0.09855550592732501,0.09855550592732501,0.07708831630767603,-2.144934545963493,0.006402889389380299,0.020136327437642185,-0.03873691337283286
history_both_1,1.1246260474560374,0.7596835294273038,skin_measured_K4_bcc_first_cap1461,1.0,0.10655035293753667,0.07172986962044085,0.07172986962044085,0.0778851149586706,-1.121782717871896,-0.0003387249982992819,0.016958390655010556,-0.005786848898480774
AK_gt2_1,2.336862979209142,0.645668484518139,skin_measured_K4_bcc_first_cap1461,1.0,0.17853837240499057,0.10171227969027254,0.10171227969027254,-0.014039988862942205,2.3367012181003366,0.008688314477992403,0.0065307899636299115,-0.020993847035306976
age10_1,0.17593351113340827,0.20884386419668083,skin_measured_K4_bcc_first_cap1461,1.0,0.05177626510440331,0.053181433983426146,0.053181433983426146,-0.005595390800317075,0.1750982727039294,-0.000746774262757403,0.015812962951467637,-0.003358477112799221
male_1,1.37500679619334,0.7054191274938753,skin_measured_K4_bcc_first_cap1461,1.0,0.04932349919057689,0.06696671231964858,0.06696671231964858,-0.04420213026181753,1.3732976824171588,0.006164153264862805,0.039059828246658386,-0.03434632087604216
drink_gt2_1,0.051486946817435555,0.11376079310457954,skin_measured_K4_bcc_first_cap1461,1.0,0.06921456915382107,0.06970614506235115,0.06970614506235115,-0.013717155002752458,0.04205680419088135,-0.008311703579882767,-0.007310089987607379,0.023904994048002018
sundamage_gt5_1,0.9237706734137623,0.508493035492557,skin_measured_K4_bcc_first_cap1461,1.0,0.15903898146949716,0.1614319516858973,0.1614319516858973,0.029633572181064438,0.9231101190631081,-0.004165293383067639,0.013781452783836929,0.0115990703334253
